"ID","Player","Team","Position","RkOv","Status","Roster Status","Age","Opponent","Score","Ros","+/-","IP","ERA","WHIP","K","L","QS","K/BB","SVH","H/AB","R","RBI","HR","SB","SO","AVG","OPS","GP"
"*061yu*","Jacob Misiorowski","MIL","SP","2","45s","Reserve","24","PHI Sun 2:10PM","100","100%","0%","87","1.34","0.736","131","2","9","5.95","0","0/0","0","0","0","0","0","0",".000","14"
"*052c8*","Cristopher Sanchez","PHI","SP","4","PAW","Reserve","29","@MIL Sun 2:10PM","99.58","100%","0%","93.1","1.54","1.061","113","2","11","6.28","0","0/0","0","0","0","0","0","0",".000","14"
"*05u6q*","Cam Schlittler","NYY","SP","9","45s","Reserve","25","@TOR Sun 1:37PM","95.65","99%","0%","89","1.82","0.910","96","3","9","5.33","0","0/0","0","0","0","0","0","0",".000","15"
"*05ucd*","Mason Miller","SD","RP","11","45s","Active","27","@BAL Sun 1:35PM","95.09","99%","0%","28.2","0.94","0.837","56","1","0","4.67","18","0/0","0","0","0","0","0","0",".000","28"
"*05rb3*","Chase Burns","CIN","SP","12","Rome","Reserve","23","ARI Sun 1:40PM","94.9","100%","0%","75.2","2.14","0.991","88","1","8","3.83","0","0/0","0","0","0","0","0","0",".000","13"
"*05r8n*","Yoshinobu Yamamoto","LAD","SP","19","Rome","Active","27","@CHW Sun 2:10PM","91.53","100%","0%","85.2","2.52","0.840","80","4","10","5.33","0","0/0","0","0","0","0","0","0",".000","13"
"*04eor*","Cade Smith","CLE","RP","20","DOB","Active","27","DET Sun 1:40PM","91.52","99%","0%","32.2","2.48","1.041","49","0","0","8.17","23","0/0","0","0","0","0","0","0",".000","31"
"*04ps7*","Joe Ryan","MIN","SP","23","45s","Reserve","30","STL Sun 2:10PM","90.43","99%","0%","82.1","3.17","0.996","92","3","9","5.75","0","0/0","0","0","0","0","0","0",".000","15"
"*04pxf*","Davis Martin","CHW","SP","24","ALASKA","Active","29","LAD Sun 2:10PM","90.26","93%","0%","78.1","2.41","1.098","79","2","9","4.65","0","0/0","0","0","0","0","0","0",".000","13"
"*04eee*","Drew Rasmussen","TB","SP","28","AKR","Reserve","30","@LAA Sun 4:07PM","89.13","99%","0%","73","2.71","0.877","77","2","7","5.92","0","0/0","0","0","0","0","0","0",".000","13"
"*0510l*","Emerson Hancock","SEA","SP","29","ALASKA","Reserve","27","@WSH Sun 1:35PM","88.9","89%","0%","75.2","2.74","0.952","73","2","8","4.29","0","0/0","0","0","0","0","0","0",".000","13"
"*051bm*","Louis Varland","TOR","RP","30","DOB","Active","28","NYY Sun 1:37PM","88.77","87%","0%","37.2","0.96","0.982","49","2","0","4.90","17","0/0","0","0","0","0","0","0",".000","34"
"*01uca*","Chris Sale","ATL","SP","32","DOB","Reserve","37","@NYM Sun 1:40PM","88.73","100%","0%","78.1","2.30","1.047","92","5","9","4.60","0","0/0","0","0","0","0","0","0",".000","13"
"*041vm*","Dylan Lee","ATL","RP","35","PAW","Active","31","@NYM Sun 1:40PM","88.4","57%","+1%","31.2","1.14","0.632","40","0","0","8.00","14","0/0","0","0","0","0","0","0",".000","33"
"*05jp9*","Bryce Elder","ATL","SP","38","DOB","Active","27","@NYM Sun 1:40PM","88.1","91%","0%","84.2","2.66","1.051","71","3","10","2.84","0","0/0","0","0","0","0","0","0",".000","14"
"*04pxo*","Erik Sabrowski","CLE","RP","44","GOATS","Reserve","28","DET Sun 1:40PM","86.56","57%","-1%","21","1.71","0.952","39","1","0","3.00","17","0/0","0","0","0","0","0","0",".000","25"
"*05a2d*","Max Meyer","MIA","SP","45","Rome","Active","27","@PIT Sun 12:15PM","86.42","94%","0%","79","2.85","1.089","86","0","4","2.97","0","0/0","0","0","0","0","0","0",".000","14"
"*04pmq*","Braxton Ashcraft","PIT","SP,RP","46","ALASKA","Active","26","MIA Sun 12:15PM","86.42","97%","0%","84.2","3.30","1.098","90","3","8","4.74","0","0/0","0","0","0","0","0","0",".000","14"
"*01sb3*","Zack Wheeler","PHI","SP","52","45s","Reserve","36","@MIL Sun 2:10PM","84.89","99%","0%","56.2","2.22","0.847","53","1","7","4.42","0","0/0","0","0","0","0","0","0",".000","9"
"*02hi7*","Kevin Gausman","TOR","SP","53","DOB","Reserve","35","NYY Sun 1:37PM","84.6","99%","0%","87","3.41","1.034","86","4","8","5.38","0","0/0","0","0","0","0","0","0",".000","15"
"*041w4*","Bryan Baker","TB","RP","54","GOATS","Active","31","@LAA Sun 4:07PM","84.06","85%","0%","27.1","1.98","0.988","30","0","0","2.73","19","0/0","0","0","0","0","0","0",".000","29"
"*05jp7*","Gavin Williams","CLE","SP","55","45s","Active","26","DET Sun 1:40PM","83.99","99%","0%","86.2","3.32","1.096","99","3","6","3.54","0","0/0","0","0","0","0","0","0",".000","14"
"*03pjf*","Michael Soroka","ARI","SP","56","DOB","Reserve","28","@CIN Sun 1:40PM","83.92","91%","0%","81","3.11","1.074","79","3","7","4.65","0","0/0","0","0","0","0","0","0",".000","14"
"*05wru*","Paul Skenes","PIT","SP","58","DOB","Active","24","MIA Sun 12:15PM","83.83","100%","0%","76","2.84","0.934","89","5","6","5.93","0","0/0","0","0","0","0","0","0",".000","14"
"*02hjp*","Jacob deGrom","TEX","SP","59","KCP","Active","37","@BOS Sun 7:20PM","83.72","100%","0%","76.2","3.17","0.991","89","4","6","5.93","0","0/0","0","0","0","0","0","0",".000","14"
"*03df2*","Dylan Cease","TOR","SP","63","45s","Reserve","30","NYY Sun 1:37PM","83.39","100%","0%","68","2.91","1.162","103","3","5","3.81","0","0/0","0","0","0","0","0","0",".000","12"
"*05js3*","Kyle Harrison","MIL","SP","70","45s","Active","24","PHI Sun 2:10PM","82.59","92%","0%","59.2","2.72","1.156","77","1","4","4.28","0","0/0","0","0","0","0","0","0",".000","12"
"*066er*","Grant Taylor","CHW","SP,RP","73","45s","Active","24","LAD Sun 2:10PM","82.17","72%","+3%","34.2","1.82","1.038","51","0","0","5.67","6","0/0","0","0","0","0","0","0",".000","26"
"*04o2w*","Ben Brown","CHC","SP,RP","77","45s","Reserve","26","@SF Sun 3:10PM","81.33","84%","+1%","62","1.74","0.968","61","2","2","3.21","3","0/0","0","0","0","0","0","0",".000","19"
"*05tzn*","Parker Messick","CLE","SP","78","SSP","Active","25","DET Sun 1:40PM","81.31","98%","0%","80.2","2.68","1.091","82","3","4","3.28","0","0/0","0","0","0","0","0","0",".000","14"
"*04c0o*","Jose Soriano","LAA","SP","80","45s","Reserve","27","TB Sun 4:07PM","81.23","98%","0%","87","2.79","1.230","92","4","6","2.19","0","0/0","0","0","0","0","0","0",".000","15"
"*03caf*","Foster Griffin","WSH","SP,RP","84","GOATS","Reserve","30","SEA Sun 1:35PM","80.94","86%","+1%","78","3.46","1.090","74","2","6","3.52","0","0/0","0","0","0","0","0","0",".000","14"
"*04apj*","Jhoan Duran","PHI","RP","85","DOB","Active","28","@MIL Sun 2:10PM","80.94","99%","0%","23.2","1.90","0.972","35","3","0","7.00","18","0/0","0","0","0","0","0","0",".000","25"
"*05r01*","Robert Suarez","ATL","RP","86","DOB","Reserve","35","@NYM Sun 1:40PM","80.76","91%","-1%","30.2","0.59","0.783","26","0","0","5.20","15","0/0","0","0","0","0","0","0",".000","30"
"*03div*","Jake Latz","TEX","SP,RP","87","PAW","Active","30","@BOS Sun 7:20PM","80.56","75%","+3%","32","1.69","0.625","33","1","0","4.71","12","0/0","0","0","0","0","0","0",".000","25"
"*04rzp*","Rico Garcia","BAL","RP","88","AKR","Active","32","SD Sun 1:35PM","80.31","70%","-1%","28.2","1.26","0.698","31","1","0","3.44","13","0/0","0","0","0","0","0","0",".000","31"
"*05yaz*","Will Warren","NYY","SP","91","MN","Active","26","@TOR Sun 1:37PM","80.16","97%","0%","68.2","3.41","1.209","75","1","5","3.57","0","0/0","0","0","0","0","0","0",".000","13"
"*0596g*","Reid Detmers","LAA","SP,RP","95","ALASKA","Active","26","TB Sun 4:07PM","79.33","87%","+4%","81","4.00","1.049","97","5","6","4.04","0","0/0","0","0","0","0","0","0",".000","14"
"*04aok*","Gregory Soto","PIT","RP","97","PAW","Active","31","MIA Sun 12:15PM","79.27","81%","-1%","30.1","3.26","0.923","35","1","0","2.92","16","0/0","0","0","0","0","0","0",".000","31"
"*02btx*","Tyler Glasnow","LAD","SP","100","DOB","Inj Res","32","@CHW Sun 2:10PM","79.23","97%","-2%","39.2","2.72","0.832","49","0","4","3.77","0","0/0","0","0","0","0","0","0",".000","7"
"*029si*","Eduardo Rodriguez","ARI","SP","101","PAW","Reserve","33","@CIN Sun 1:40PM","79.09","88%","0%","81.1","2.55","1.230","60","2","7","1.88","0","0/0","0","0","0","0","0","0",".000","14"
"*01gya*","Aroldis Chapman","BOS","RP","104","45s","Active","38","TEX Sun 7:20PM","78.77","98%","0%","20.2","0.44","0.919","28","1","0","3.11","14","0/0","0","0","0","0","0","0",".000","21"
"*05y62*","Bryan Woo","SEA","SP","106","Rome","Active","26","@WSH Sun 1:35PM","78.41","100%","0%","82","4.28","1.037","79","5","8","5.27","0","0/0","0","0","0","0","0","0",".000","14"
"*05y9r*","Justin Wrobleski","LAD","SP,RP","107","ALASKA","Reserve","25","@CHW Sun 2:10PM","78.38","87%","0%","73.1","2.95","1.050","45","2","7","2.81","0","0/0","0","0","0","0","0","0",".000","12"
"*05y7s*","Nolan McLean","NYM","SP","108","GOATS","Active","24","ATL Sun 1:40PM","77.96","99%","0%","76.1","4.01","1.140","88","4","6","2.84","0","0/0","0","0","0","0","0","0",".000","14"
"*04n0m*","Logan Gilbert","SEA","SP","109","SUGA","Active","29","@WSH Sun 1:35PM","77.96","99%","0%","79.2","3.62","1.079","82","4","5","4.32","0","0/0","0","0","0","0","0","0",".000","14"
"*06gwk*","Payton Tolle","BOS","SP,RP","112","PAW","Reserve","23","TEX Sun 7:20PM","77.67","91%","0%","53.1","2.70","1.050","54","3","5","3.86","0","0/0","0","0","0","0","0","0",".000","9"
"*03btv*","Sandy Alcantara","MIA","SP","115","MN","Active","30","@PIT Sun 12:15PM","77.42","98%","0%","97.1","4.25","1.223","71","4","10","3.09","0","0/0","0","0","0","0","0","0",".000","15"
"*02iug*","Michael Wacha","KC","SP","118","GOATS","Active","34","HOU Sun 2:10PM","77.21","96%","-1%","88","3.58","1.159","69","5","9","2.56","0","0/0","0","0","0","0","0","0",".000","14"
"*03aqv*","Raisel Iglesias","ATL","RP","119","MN","Active","36","@NYM Sun 1:40PM","77.13","97%","0%","23.1","1.16","0.986","27","1","0","5.40","14","0/0","0","0","0","0","0","0",".000","22"
"*05y0j*","Spencer Arrighetti","HOU","SP","120","SUGA","Reserve","26","@KC Sun 2:10PM","77.12","93%","0%","57","2.21","1.193","53","1","5","1.71","0","0/0","0","0","0","0","0","0",".000","10"
"*05ym7*","Fernando Cruz","NYY","RP","121","AKR","Active","36","@TOR Sun 1:37PM","77.1","41%","+2%","31.1","2.01","1.245","40","1","0","2.11","12","0/0","0","0","0","0","0","0",".000","34"
"*0260v*","Sonny Gray","BOS","SP","123","GOATS","Reserve","36","TEX Sun 7:20PM","76.92","98%","0%","62.1","3.03","1.203","51","1","7","3.19","0","0/0","0","0","0","0","0","0",".000","12"
"*04pma*","Daniel Lynch","KC","RP","125","DOB","Reserve","29","HOU Sun 2:10PM","76.49","31%","-2%","29","1.86","0.931","29","0","0","3.22","10","0/0","0","0","0","0","0","0",".000","29"
"*03dfa*","Tanner Scott","LAD","RP","131","PAW","Active","31","@CHW Sun 2:10PM","75.6","76%","-1%","29","2.48","0.759","35","3","0","11.67","12","0/0","0","0","0","0","0","0",".000","31"
"*02c4q*","Nick Martinez","TB","SP,RP","132","DOB","Reserve","35","@LAA Sun 4:07PM","75.56","90%","-1%","77.2","2.43","1.159","44","2","8","3.38","0","0/0","0","0","0","0","0","0",".000","13"
"*04mlf*","Casey Mize","DET","SP","133","SUGA","Active","29","@CLE Sun 1:40PM","75.47","92%","0%","47.2","2.27","0.965","49","3","5","4.08","0","0/0","0","0","0","0","0","0",".000","9"
"*04pkt*","J.T. Ginn","ATH","SP","135","SUGA","Reserve","27","COL Sun 3:05PM","75.38","76%","+1%","71.1","3.15","1.150","65","3","5","2.17","0","0/0","0","0","0","0","0","0",".000","15"
"*03et8*","Ranger Suarez","BOS","SP","137","PAW","Active","30","TEX Sun 7:20PM","74.75","97%","0%","70","3.21","1.171","70","3","4","3.33","0","0/0","0","0","0","0","0","0",".000","13"
"*04pps*","Hogan Harris","ATH","RP","140","ALASKA","Active","29","COL Sun 3:05PM","74.72","49%","0%","33.2","2.67","1.485","39","0","0","1.70","16","0/0","0","0","0","0","0","0",".000","36"
"*04q05*","Alex Vesia","LAD","RP","144","GOATS","Active","30","@CHW Sun 2:10PM","74.32","48%","-2%","23","2.74","1.000","31","1","0","2.58","12","0/0","0","0","0","0","0","0",".000","31"
"*041wv*","Michael King","SD","SP","148","BOS","Active","31","@BAL Sun 1:35PM","74.23","99%","0%","80.2","3.46","1.153","72","5","6","2.25","0","0/0","0","0","0","0","0","0",".000","14"
"*02i2j*","Max Fried","NYY","SP","152","GOATS","Reserve","32","@TOR Sun 1:37PM","74.14","99%","0%","61.2","3.21","1.005","50","3","6","2.63","0","0/0","0","0","0","0","0","0",".000","10"
"*04ptt*","Tarik Skubal","DET","SP","156","PAW","Active","29","@CLE Sun 1:40PM","73.84","100%","0%","48","2.81","0.979","49","3","5","7.00","0","0/0","0","0","0","0","0","0",".000","8"
"*043ia*","Adrian Morejon","SD","RP","158","45s","Active","27","@BAL Sun 1:35PM","73.51","51%","-2%","34.2","4.15","1.067","41","1","0","5.86","12","0/0","0","0","0","0","0","0",".000","32"
"*032lk*","Sean Newcomb","CHW","SP,RP","159","KCP","Active","33","LAD Sun 2:10PM","73.32","12%","+1%","39.1","2.29","1.017","36","1","0","3.60","6","0/0","0","0","0","0","0","0",".000","26"
"*051eh*","Kevin Kelly","TB","RP","161","AKR","Active","28","@LAA Sun 4:07PM","73.13","45%","0%","29.2","2.43","0.843","22","2","0","3.67","16","0/0","0","0","0","0","0","0",".000","29"
"*05vy6*","Bryce Miller","SEA","SP","163","Rome","Active","27","@WSH Sun 1:35PM","73.04","92%","+1%","35","1.54","0.714","36","0","2","7.20","0","0/0","0","0","0","0","0","0",".000","6"
"*05ge9*","Shota Imanaga","CHC","SP","164","MN","Reserve","32","@SF Sun 3:10PM","72.91","98%","-1%","81","4.44","1.062","81","6","6","3.86","0","0/0","0","0","0","0","0","0",".000","14"
"*06f1r*","Connelly Early","BOS","SP","165","SUGA","Active","24","TEX Sun 7:20PM","72.76","95%","0%","71","3.30","1.225","69","4","5","2.56","0","0/0","0","0","0","0","0","0",".000","13"
"*0374m*","Tyler Rogers","TOR","RP","167","KCP","Active","35","NYY Sun 1:37PM","72.65","46%","+1%","33","1.91","1.030","20","2","0","2.00","17","0/0","0","0","0","0","0","0",".000","34"
"*041r1*","Jesus Luzardo","PHI","SP","170","45s","Reserve","28","@MIL Sun 2:10PM","72.48","99%","0%","78.2","4.35","1.335","88","4","6","3.52","0","0/0","0","0","0","0","0","0",".000","14"
"*05sr2*","Michael McGreevy","STL","SP","172","MN","Reserve","25","@MIN Sun 2:10PM","72.25","83%","-1%","72.1","2.99","1.078","49","5","8","2.88","0","0/0","0","0","0","0","0","0",".000","13"
"*03sef*","Seth Lugo","KC","SP","176","GOATS","Reserve","36","HOU Sun 2:10PM","71.92","87%","-3%","79.1","3.86","1.349","66","4","8","2.64","0","0/0","0","0","0","0","0","0",".000","14"
"*03dbm*","Logan Webb","SF","SP","178","SUGA","Active","29","CHC Sun 3:10PM","71.59","99%","0%","67.1","3.88","1.188","58","4","7","3.05","0","0/0","0","0","0","0","0","0",".000","11"
"*05y23*","Tanner Bibee","CLE","SP","182","AKR","Reserve","27","DET Sun 1:40PM","71.2","92%","+1%","84","3.96","1.179","71","7","8","2.73","0","0/0","0","0","0","0","0","0",".000","15"
"*02n2x*","Paul Sewald","ARI","RP","183","DOB","Reserve","36","@CIN Sun 1:40PM","71.18","80%","0%","25.1","3.20","0.711","28","4","0","4.67","16","0/0","0","0","0","0","0","0",".000","28"
"*041rj*","JoJo Romero","STL","RP","185","SUGA","Active","29","@MIN Sun 2:10PM","71.07","51%","-1%","31.2","3.41","1.200","31","2","0","2.82","17","0/0","0","0","0","0","0","0",".000","32"
"*02c5l*","Luke Weaver","NYM","RP","190","GOATS","Reserve","32","ATL Sun 1:40PM","70.57","34%","0%","30","2.40","0.933","27","1","0","3.38","8","0/0","0","0","0","0","0","0",".000","28"
"*04ew7*","Aaron Ashby","MIL","RP","191","PAW","Active","28","PHI Sun 2:10PM","70.55","71%","-2%","41","2.85","1.390","56","0","0","2.80","2","0/0","0","0","0","0","0","0",".000","30"
"*05gef*","Cade Cavalli","WSH","SP","193","Rome","Reserve","27","SEA Sun 1:35PM","70.41","81%","-4%","74.2","3.98","1.393","81","4","5","3.24","0","0/0","0","0","0","0","0","0",".000","15"
"*04mnw*","Ryan Weathers","NYY","SP","194","PAW","Reserve","26","@TOR Sun 1:37PM","70.24","93%","-1%","74.1","4.36","1.170","81","5","4","3.86","0","0/0","0","0","0","0","0","0",".000","13"
"*060ml*","Huascar Brazoban","NYM","SP,RP","196","KCP","Reserve","36","ATL Sun 1:40PM","70.15","12%","-2%","34.2","2.08","0.981","30","1","0","2.00","5","0/0","0","0","0","0","0","0",".000","29"
"*064zm*","Didier Fuentes","ATL","SP,RP","199","AKR","Active","20","@NYM Sun 1:40PM","69.99","54%","0%","28","2.25","1.036","33","0","0","3.67","6","0/0","0","0","0","0","0","0",".000","20"
"*04pr8*","Taj Bradley","MIN","SP","201","AKR","Active","25","STL Sun 2:10PM","69.8","94%","-1%","65","4.02","1.385","73","3","5","2.52","0","0/0","0","0","0","0","0","0",".000","12"
"*02zoa*","Antonio Senzatela","COL","SP,RP","208","KCP","Reserve","31","@ATH Sun 3:05PM","69.42","49%","-4%","38.1","2.11","1.017","32","0","0","2.91","5","0/0","0","0","0","0","0","0",".000","20"
"*0629b*","Walbert Urena","LAA","SP","210","ALASKA","Reserve","22","TB Sun 4:07PM","69.25","63%","+1%","55.1","2.44","1.355","55","4","5","1.67","1","0/0","0","0","0","0","0","0",".000","12"
"*04yie*","George Kirby","SEA","SP","212","Rome","Active","28","@WSH Sun 1:35PM","69.16","99%","0%","84","4.07","1.310","74","6","7","3.52","0","0/0","0","0","0","0","0","0",".000","14"
"*04ej3*","Riley O'Brien","STL","RP","216","SUGA","Active","31","@MIN Sun 2:10PM","68.86","92%","-1%","30.1","3.86","1.220","32","3","0","3.20","18","0/0","0","0","0","0","0","0",".000","30"
"*025it*","Jason Adam","SD","RP","218","GOATS","Active","34","@BAL Sun 1:35PM","68.82","46%","-1%","25","1.44","1.200","17","1","0","2.13","15","0/0","0","0","0","0","0","0",".000","28"
"*041r5*","Dustin May","STL","SP","219","AKR","Reserve","28","@MIN Sun 2:10PM","68.81","74%","+2%","72.2","4.21","1.252","66","6","8","3.30","0","0/0","0","0","0","0","0","0",".000","13"
"*01ut7*","Nathan Eovaldi","TEX","SP","222","GOATS","Active","36","@BOS Sun 7:20PM","68.66","98%","0%","80.1","4.26","1.183","77","7","6","3.85","0","0/0","0","0","0","0","0","0",".000","13"
"*0516x*","Brent Headrick","NYY","RP","223","KCP","Active","28","@TOR Sun 1:37PM","68.66","19%","-1%","32.2","1.93","1.347","36","1","0","2.57","7","0/0","0","0","0","0","0","0",".000","34"
"*03d6p*","Grant Holmes","ATL","SP","229","AKR","Active","30","@NYM Sun 1:40PM","68.49","70%","-1%","66.2","4.05","1.335","59","2","5","2.03","0","0/0","0","0","0","0","0","0",".000","13"
"*05r3a*","Brandon Young","BAL","SP","230","ALASKA","Active","27","SD Sun 1:35PM","68.46","49%","+12%","56.1","3.04","1.243","42","1","5","2.21","0","0/0","0","0","0","0","0","0",".000","10"
"*04esc*","Keaton Winn","SF","RP","231","SUGA","Active","28","CHC Sun 3:10PM","68.42","32%","-2%","30.2","3.23","0.978","26","2","0","2.89","12","0/0","0","0","0","0","0","0",".000","29"
"*05ycf*","Noah Cameron","KC","SP","234","PAW","Active","26","HOU Sun 2:10PM","68.38","88%","+3%","70","4.11","1.214","64","4","5","3.76","0","0/0","0","0","0","0","0","0",".000","13"
"*05y2l*","Emmet Sheehan","LAD","SP","235","SUGA","Active","26","@CHW Sun 2:10PM","68.29","95%","-2%","59.1","4.70","1.213","64","3","5","4.00","0","0/0","0","0","0","0","0","0",".000","12"
"*05a1v*","Keider Montero","DET","SP,RP","236","ALASKA","Reserve","25","@CLE Sun 1:40PM","68.25","48%","-3%","72.1","3.61","1.009","48","4","5","2.82","0","0/0","0","0","0","0","0","0",".000","13"
"*05jpd*","Ian Seymour","TB","SP,RP","237","KCP","Reserve","27","@LAA Sun 4:07PM","68.14","56%","-3%","35","4.89","1.257","38","0","0","2.38","12","0/0","0","0","0","0","0","0",".000","27"
"*041x9*","Graham Ashcraft","CIN","RP","240","BOS","Active","28","ARI Sun 1:40PM","68.01","26%","-2%","27","3.33","1.222","32","1","0","2.00","11","0/0","0","0","0","0","0","0",".000","26"
"*04eqa*","Garrett Whitlock","BOS","RP","242","MN","Active","30","TEX Sun 7:20PM","67.92","52%","0%","21.2","2.91","1.062","27","1","0","4.50","9","0/0","0","0","0","0","0","0",".000","21"
"*03dc4*","Freddy Peralta","NYM","SP","245","45s","Active","30","ATL Sun 1:40PM","67.79","99%","0%","78","4.04","1.321","79","5","4","2.47","0","0/0","0","0","0","0","0","0",".000","14"
"*066n1*","Justin Sterner","ATH","RP","246","MN","Active","29","COL Sun 3:05PM","67.63","20%","+1%","32","3.38","1.031","30","3","0","4.29","12","0/0","0","0","0","0","0","0",".000","33"
"*01fhm*","Martin Perez","ATL","SP","249","KCP","Active","35","@NYM Sun 1:40PM","67.52","48%","+3%","62","2.90","1.048","51","3","1","2.43","0","0/0","0","0","0","0","0","0",".000","14"
"*03dau*","Trevor Megill","MIL","RP","250","MN","Active","32","PHI Sun 2:10PM","67.48","87%","-1%","25","4.32","1.160","34","2","0","4.25","14","0/0","0","0","0","0","0","0",".000","26"
"*02bx4*","Clay Holmes","NYM","SP","253","BOS","Reserve","33","ATL Sun 1:40PM","67.42","74%","-1%","52.2","2.39","1.101","45","4","4","2.50","0","0/0","0","0","0","0","0","0",".000","9"
"*04mlt*","Shane McClanahan","TB","SP","254","PAW","Reserve","29","@LAA Sun 4:07PM","67.27","98%","0%","64","3.23","1.172","66","4","1","3.00","0","0/0","0","0","0","0","0","0",".000","13"
"*05138*","Matt Brash","SEA","RP","255","DOB","Inj Res","28","@WSH Sun 1:35PM","67.15","42%","-1%","16.2","0.54","0.840","15","0","0","2.50","6","0/0","0","0","0","0","0","0",".000","20"
"*05xod*","Sean Burke","CHW","SP","256","MN","Active","26","LAD Sun 2:10PM","67.03","66%","-1%","73.2","4.15","1.262","73","4","3","2.61","0","0/0","0","0","0","0","0","0",".000","14"
"*05y72*","Landen Roupp","SF","SP","265","SSP","Active","27","CHC Sun 3:10PM","66.47","88%","-2%","74.1","4.24","1.291","82","7","5","2.56","0","0/0","0","0","0","0","0","0",".000","14"
"*06luc*","Jack Dreyer","LAD","SP,RP","267","KCP","Active","27","@CHW Sun 2:10PM","66.31","21%","-1%","27.2","2.93","0.940","30","1","0","5.00","3","0/0","0","0","0","0","0","0",".000","26"
"*06mi0*","Bryan King","HOU","RP","268","AKR","Active","29","@KC Sun 2:10PM","66.23","37%","-4%","30.1","2.37","1.286","24","1","0","2.00","12","0/0","0","0","0","0","0","0",".000","28"
"*03poo*","Peter Lambert","HOU","SP","269","DOB","Reserve","29","@KC Sun 2:10PM","65.89","54%","0%","57","3.47","1.211","53","4","4","2.12","0","0/0","0","0","0","0","0","0",".000","10"
"*04pmb*","Kris Bubic","KC","SP","273","45s","Inj Res","28","HOU Sun 2:10PM","65.76","91%","-1%","50.1","4.11","1.232","51","2","4","1.96","0","0/0","0","0","0","0","0","0",".000","9"
"*0312l*","Brad Keller","PHI","RP","275","AKR","Active","30","@MIL Sun 2:10PM","65.65","37%","+2%","30.1","4.15","1.352","31","1","0","2.58","16","0/0","0","0","0","0","0","0",".000","31"
"*04cd5*","MacKenzie Gore","TEX","SP","276","BOS","Active","27","@BOS Sun 7:20PM","65.48","96%","-1%","71","4.18","1.352","76","5","4","2.30","0","0/0","0","0","0","0","0","0",".000","14"
"*04auk*","Seranthony Dominguez","CHW","RP","283","45s","Active","31","LAD Sun 2:10PM","65.05","76%","-1%","25","3.60","1.120","29","3","0","2.23","13","0/0","0","0","0","0","0","0",".000","27"
"*04auj*","Framber Valdez","DET","SP","284","GOATS","Reserve","32","@CLE Sun 1:40PM","65.01","98%","0%","77.2","4.40","1.339","61","5","7","2.10","0","0/0","0","0","0","0","0","0",".000","14"
"*04aqc*","David Bednar","NYY","RP","287","DOB","Active","31","@TOR Sun 1:37PM","64.87","96%","0%","28.2","3.77","1.360","36","3","0","3.00","14","0/0","0","0","0","0","0","0",".000","28"
"*05itb*","Randy Vasquez","SD","SP","289","BOS","Reserve","27","@BAL Sun 1:35PM","64.84","78%","-6%","74.1","3.63","1.318","58","4","4","2.64","0","0/0","0","0","0","0","0","0",".000","14"
"*05133*","Andre Pallante","STL","SP","291","ALASKA","Active","27","@MIN Sun 2:10PM","64.74","49%","+4%","69.2","3.88","1.263","56","4","4","2.24","0","0/0","0","0","0","0","0","0",".000","13"
"*02buh*","Scott Barlow","ATH","RP","292","KCP","Active","33","COL Sun 3:05PM","64.74","15%","-2%","30.2","4.11","1.174","25","0","0","1.47","12","0/0","0","0","0","0","0","0",".000","32"
"*03d7h*","Mitch Keller","PIT","SP","293","ALASKA","Reserve","30","MIA Sun 12:15PM","64.72","89%","-4%","77","5.14","1.312","58","4","7","2.15","0","0/0","0","0","0","0","0","0",".000","14"
"*04mjn*","Eduard Bazardo","SEA","RP","302","SUGA","Active","30","@WSH Sun 1:35PM","64.08","23%","+1%","31.1","2.30","1.372","27","2","0","2.45","12","0/0","0","0","0","0","0","0",".000","33"
"*04pvu*","Stephen Kolek","KC","SP","303","DOB","Active","29","HOU Sun 2:10PM","64.06","59%","+1%","43","3.14","1.070","30","1","4","3.33","0","0/0","0","0","0","0","0","0",".000","7"
"*03dpg*","Kevin Ginkel","ARI","RP","312","MN","Reserve","32","@CIN Sun 1:40PM","63.65","17%","0%","26.2","2.70","1.087","30","2","0","4.29","4","0/0","0","0","0","0","0","0",".000","29"
"*04eud*","Shane Drohan","MIL","SP,RP","313","PAW","Active","27","PHI Sun 2:10PM","63.65","44%","+3%","42.2","3.59","1.172","44","2","1","4.00","3","0/0","0","0","0","0","0","0",".000","14"
"*04q1w*","Caleb Kilian","SF","SP,RP","314","ALASKA","Active","29","CHC Sun 3:10PM","63.63","31%","+1%","30.2","3.23","1.174","34","3","0","2.27","7","0/0","0","0","0","0","0","0",".000","29"
"*05wxw*","Gordon Graceffo","STL","RP","317","KCP","Active","26","@MIN Sun 2:10PM","63.41","12%","0%","33.2","2.14","0.921","17","1","0","1.31","5","0/0","0","0","0","0","0","0",".000","29"
"*050ok*","Yennier Cano","BAL","RP","318","BOS","Active","32","SD Sun 1:35PM","63.36","12%","0%","23.2","2.28","0.761","21","2","0","5.25","4","0/0","0","0","0","0","0","0",".000","31"
"*05aoc*","Eury Perez","MIA","SP","319","45s","Inj Res","23","@PIT Sun 12:15PM","63.27","93%","-1%","62.2","4.60","1.261","72","6","4","2.57","0","0/0","0","0","0","0","0","0",".000","12"
"*05jq2*","Andrew Abbott","CIN","SP","325","Rome","Active","27","ARI Sun 1:40PM","62.58","89%","-1%","74.2","4.10","1.406","53","4","6","1.61","0","0/0","0","0","0","0","0","0",".000","14"
"*05xpq*","Christian Scott","NYM","SP","326","SSP","Active","26","ATL Sun 1:40PM","62.52","63%","+3%","40.2","3.10","1.352","47","0","0","2.47","0","0/0","0","0","0","0","0","0",".000","9"
"*05y5d*","Bradgley Rodriguez","SD","RP","329","GOATS","Minors","22","@BAL Sun 1:35PM","62.21","15%","-1%","32.1","2.23","1.175","29","2","0","2.64","3","0/0","0","0","0","0","0","0",".000","29"
"*04eos*","Joey Cantillo","CLE","SP,RP","331","AKR","Active","26","DET Sun 1:40PM","61.76","75%","-7%","72","4.38","1.486","67","3","2","1.86","0","0/0","0","0","0","0","0","0",".000","15"
"*05nso*","Abner Uribe","MIL","RP","333","BOS","Active","25","PHI Sun 2:10PM","61.67","78%","-2%","23.2","3.80","1.225","25","2","0","2.50","12","0/0","0","0","0","0","0","0",".000","25"
"*05uo2*","Logan Henderson","MIL","SP","334","SSP","Inj Res","24","PHI Sun 2:10PM","61.64","85%","-1%","23","2.74","1.043","30","1","1","5.00","0","0/0","0","0","0","0","0","0",".000","5"
"*062ob*","Jose Ferrer","SEA","RP","336","PAW","Active","26","@WSH Sun 1:35PM","61.61","34%","-1%","30.1","2.97","1.418","26","1","0","3.25","11","0/0","0","0","0","0","0","0",".000","34"
"*04xne*","Yoendrys Gomez","MIN","SP,RP","341","45s","Active","26","STL Sun 2:10PM","61.37","40%","0%","32.2","4.13","1.439","32","0","0","1.88","10","0/0","0","0","0","0","0","0",".000","27"
"*04yid*","Ryne Nelson","ARI","SP,RP","345","MN","Active","28","@CIN Sun 1:40PM","61.13","78%","0%","76.1","5.19","1.231","57","5","5","2.59","0","0/0","0","0","0","0","0","0",".000","14"
"*05144*","Hunter Brown","HOU","SP","347","SSP","Inj Res","27","@KC Sun 2:10PM","61.04","99%","0%","10.2","0.84","1.031","17","0","1","2.83","0","0/0","0","0","0","0","0","0",".000","2"
"*04cwf*","Shane Baz","BAL","SP","349","AKR","Reserve","26","SD Sun 1:35PM","60.91","89%","-1%","82","4.06","1.390","67","6","4","2.09","0","0/0","0","0","0","0","0","0",".000","14"
"*05gdz*","Roki Sasaki","LAD","SP","350","AKR","Active","24","@CHW Sun 2:10PM","60.9","93%","+1%","62.1","4.76","1.332","64","4","3","2.67","0","0/0","0","0","0","0","0","0",".000","12"
"*02n96*","Josh Hader","HOU","RP","352","BOS","Active","32","@KC Sun 2:10PM","60.83","96%","0%","5","0.00","0.200","7","0","0","7.00","2","0/0","0","0","0","0","0","0",".000","5"
"*05yb8*","Chad Patrick","MIL","SP,RP","355","KCP","Reserve","27","PHI Sun 2:10PM","60.65","58%","-1%","53.2","3.35","1.304","42","3","1","2.00","5","0/0","0","0","0","0","0","0",".000","19"
"*041mb*","Anthony Kay","CHW","SP,RP","356","ALASKA","Active","31","LAD Sun 2:10PM","60.6","42%","-7%","66.1","4.34","1.417","53","1","2","1.96","0","0/0","0","0","0","0","0","0",".000","14"
"*0425t*","Bailey Ober","MIN","SP","358","MN","Reserve","30","STL Sun 2:10PM","60.54","74%","-3%","66.2","4.59","1.215","46","3","4","2.56","0","0/0","0","0","0","0","0","0",".000","12"
"*04ali*","Edward Cabrera","CHC","SP","359","Rome","Reserve","28","@SF Sun 3:10PM","60.51","89%","-4%","63","4.86","1.413","58","3","4","2.52","0","0/0","0","0","0","0","0","0",".000","12"
"*02c2r*","Carlos Rodon","NYY","SP","361","BOS","Reserve","33","@TOR Sun 1:37PM","60.38","95%","0%","31","3.19","1.194","34","2","3","1.79","0","0/0","0","0","0","0","0","0",".000","6"
"*06apx*","Trey Yesavage","TOR","SP","363","45s","Active","22","NYY Sun 1:37PM","60.17","98%","0%","47.2","3.78","1.259","47","3","2","1.88","0","0/0","0","0","0","0","0","0",".000","9"
"*05a29*","Carmen Mlodzinski","PIT","SP,RP","364","GOATS","Active","27","MIA Sun 12:15PM","60.16","30%","-2%","62.2","4.02","1.404","52","3","1","2.26","1","0/0","0","0","0","0","0","0",".000","13"
"*03aac*","Walker Buehler","SD","SP","367","MN","Reserve","31","@BAL Sun 1:35PM","60.08","44%","-1%","62.1","4.33","1.348","53","3","3","2.41","0","0/0","0","0","0","0","0","0",".000","13"
"*04mlx*","Matthew Liberatore","STL","SP","373","Rome","Reserve","26","@MIN Sun 2:10PM","59.56","57%","-3%","70.2","4.71","1.500","65","3","3","2.41","0","0/0","0","0","0","0","0","0",".000","14"
"*04mlr*","Jeffrey Springs","ATH","SP","374","BOS","Active","33","COL Sun 3:05PM","59.47","69%","-5%","75","4.68","1.293","63","6","4","2.74","0","0/0","0","0","0","0","0","0",".000","14"
"*05uc4*","Troy Melton","DET","SP,RP","378","SSP","Active","25","@CLE Sun 1:40PM","59.13","72%","+1%","25.2","2.81","1.013","14","0","2","2.33","0","0/0","0","0","0","0","0","0",".000","4"
"*04azu*","Kumar Rocker","TEX","SP","379","AKR","Reserve","26","@BOS Sun 7:20PM","59.08","54%","+1%","65.2","3.56","1.340","52","5","3","1.86","0","0/0","0","0","0","0","0","0",".000","13"
"*04ehz*","Jeremiah Estrada","SD","RP","384","SSP","Active","27","@BAL Sun 1:35PM","58.91","44%","-4%","20.2","3.48","1.113","23","2","0","2.30","7","0/0","0","0","0","0","0","0",".000","21"
"*025j1*","Robbie Ray","SF","SP","385","BOS","Active","34","CHC Sun 3:10PM","58.9","91%","-1%","73.1","4.42","1.391","66","6","4","1.83","0","0/0","0","0","0","0","0","0",".000","14"
"*04pq4*","Kyle Bradish","BAL","SP","386","MN","Reserve","29","SD Sun 1:35PM","58.86","96%","-1%","73.1","4.30","1.568","73","7","5","1.87","0","0/0","0","0","0","0","0","0",".000","14"
"*01srb*","Jameson Taillon","CHC","SP","387","ALASKA","Reserve","34","@SF Sun 3:10PM","58.85","48%","-11%","67.2","5.19","1.300","59","5","4","2.57","0","0/0","0","0","0","0","0","0",".000","13"
"*02i3o*","Aaron Nola","PHI","SP","391","GOATS","Reserve","33","@MIL Sun 2:10PM","58.75","83%","-4%","70.2","5.86","1.472","71","4","4","2.96","0","0/0","0","0","0","0","0","0",".000","14"
"*04zay*","Kai-Wei Teng","HOU","SP,RP","394","KCP","Reserve","27","@KC Sun 2:10PM","58.41","50%","-7%","51","3.71","1.275","49","5","1","2.04","3","0/0","0","0","0","0","0","0",".000","20"
"*01spo*","Gerrit Cole","NYY","SP","395","GOATS","Reserve","35","@TOR Sun 1:37PM","58.41","98%","0%","22","2.45","1.045","18","1","2","3.00","0","0/0","0","0","0","0","0","0",".000","4"
"*04y9o*","Jack Leiter","TEX","SP","399","DOB","Reserve","26","@BOS Sun 7:20PM","58.27","88%","-2%","76","4.97","1.408","79","6","2","2.39","0","0/0","0","0","0","0","0","0",".000","14"
"*02bu3*","Brandon Woodruff","MIL","SP","400","DOB","Inj Res","33","PHI Sun 2:10PM","58.2","95%","0%","30","3.60","1.033","25","1","2","3.57","0","0/0","0","0","0","0","0","0",".000","6"
"*06guh*","Brandyn Garcia","ARI","RP","402","Rome","Active","26","@CIN Sun 1:40PM","58.08","8%","0%","14.2","3.07","0.955","13","1","0","3.25","5","0/0","0","0","0","0","0","0",".000","17"
"*05y2k*","Mason Montgomery","PIT","SP,RP","403","PAW","Reserve","25","MIA Sun 12:15PM","58.02","20%","-2%","27","4.33","1.407","34","1","0","2.43","7","0/0","0","0","0","0","0","0",".000","27"
"*05yj0*","Chase Dollander","COL","SP,RP","416","ALASKA","Reserve","24","@ATH Sun 3:05PM","57.4","60%","-1%","44","3.89","1.295","47","3","1","2.61","0","0/0","0","0","0","0","0","0",".000","10"
"*05oqe*","Ty Madden","DET","SP,RP","417","ALASKA","Minors","26","@CLE Sun 1:40PM","57.39","26%","-5%","20","3.15","1.050","23","0","0","4.60","0","0/0","0","0","0","0","0","0",".000","7"
"*03ann*","Jeff Hoffman","TOR","RP","422","45s","Active","33","NYY Sun 1:37PM","57.22","69%","-4%","29.1","5.83","1.636","50","4","0","4.55","12","0/0","0","0","0","0","0","0",".000","32"
"*0311c*","Devin Williams","NYM","RP","423","GOATS","Active","31","ATL Sun 1:40PM","57.19","93%","-1%","23.1","5.01","1.500","37","2","0","2.64","10","0/0","0","0","0","0","0","0",".000","26"
"*04up8*","Lazaro Estrada","TOR","RP","428","KCP","Minors","27","NYY Sun 1:37PM","57.05","3%","0%","4","0.00","0.500","3","0","0","1.50","0","0/0","0","0","0","0","0","0",".000","1"
"*03ab0*","Luis Severino","ATH","SP","441","BOS","Reserve","32","COL Sun 3:05PM","56.51","48%","-3%","62.2","4.16","1.468","65","6","3","2.10","0","0/0","0","0","0","0","0","0",".000","12"
"*05y40*","Eduardo Rivera","BOS","SP","445","KCP","Minors","23","TEX Sun 7:20PM","56.45","14%","0%","3.1","0.00","0.300","3","0","0","3.03","0","0/0","0","0","0","0","0","0",".000","1"
"*0403o*","Andres Munoz","SEA","RP","460","GOATS","Active","27","@WSH Sun 1:35PM","55.95","96%","-1%","24.1","5.18","1.356","37","4","0","3.70","10","0/0","0","0","0","0","0","0",".000","26"
"*06ahu*","Sean Sullivan","COL","SP","461","PAW","Reserve","23","@ATH Sun 3:05PM","55.94","7%","+2%","3","0.00","0.667","2","0","0","2.02","0","0/0","0","0","0","0","0","0",".000","1"
"*04tk1*","Slade Cecconi","CLE","SP","462","SUGA","Reserve","26","DET Sun 1:40PM","55.94","42%","+1%","72.2","4.83","1.445","61","5","3","2.65","0","0/0","0","0","0","0","0","0",".000","14"
"*05t9g*","Gage Jump","ATH","SP","472","45s","Reserve","23","COL Sun 3:05PM","55.56","72%","+3%","23.1","3.09","1.114","19","1","2","3.17","0","0/0","0","0","0","0","0","0",".000","4"
"*05jq7*","Kyle Hurt","LAD","SP,RP","474","Rome","Active","28","@CHW Sun 2:10PM","55.48","22%","-3%","21.1","4.22","1.219","27","1","0","3.00","6","0/0","0","0","0","0","0","0",".000","22"
"*05gww*","Cade Horton","CHC","SP","482","ALASKA","Inj Res","24","@SF Sun 3:10PM","55.09","65%","0%","7.1","2.45","0.818","4","0","1","2.00","0","0/0","0","0","0","0","0","0",".000","2"
"*05jnq*","Clayton Beeter","WSH","RP","490","GOATS","Minors","27","SEA Sun 1:35PM","54.58","40%","-2%","19.1","3.72","1.293","19","1","0","1.46","7","0/0","0","0","0","0","0","0",".000","18"
"*03db4*","Jonathan Loaisiga","ARI","RP","497","ALASKA","Active","31","@CIN Sun 1:40PM","54.37","7%","0%","26","3.12","1.192","17","2","0","2.43","5","0/0","0","0","0","0","0","0",".000","29"
"*04q08*","Kyle Leahy","STL","SP,RP","501","BOS","Active","29","@MIN Sun 2:10PM","54.19","30%","-3%","64","4.64","1.594","52","3","1","2.08","0","0/0","0","0","0","0","0","0",".000","13"
"*02bzn*","Colin Rea","CHC","SP","502","ALASKA","Active","35","@SF Sun 3:10PM","54.14","45%","-1%","69.1","5.19","1.428","54","4","2","2.16","1","0/0","0","0","0","0","0","0",".000","14"
"*03ql5*","Ryan Helsley","BAL","RP","503","BOS","Reserve","31","SD Sun 1:35PM","54.14","92%","0%","10.2","2.53","1.313","15","2","0","2.14","7","0/0","0","0","0","0","0","0",".000","12"
"*04b01*","Tomoyuki Sugano","COL","SP","504","GOATS","Active","36","@ATH Sun 3:05PM","54.07","33%","0%","68.1","4.08","1.288","39","4","3","1.95","0","0/0","0","0","0","0","0","0",".000","13"
"*05mre*","Spencer Strider","ATL","SP","507","Rome","Inj Res","27","@NYM Sun 1:40PM","53.97","99%","0%","39","5.31","1.359","46","2","2","2.30","0","0/0","0","0","0","0","0","0",".000","8"
"*0317q*","Griffin Jax","TB","SP,RP","508","GOATS","Active","31","@LAA Sun 4:07PM","53.89","63%","-3%","44","3.68","1.364","41","5","0","2.28","2","0/0","0","0","0","0","0","0",".000","20"
"*03nuc*","Luis Castillo","SEA","SP","510","GOATS","Reserve","33","@WSH Sun 1:35PM","53.86","83%","+1%","66.2","5.00","1.380","65","6","1","2.60","1","0/0","0","0","0","0","0","0",".000","14"
"*04ejp*","James Karinchak","ATL","RP","514","MN","Active","30","@NYM Sun 1:40PM","53.65","3%","+1%","1","0.00","1.000","1","0","0","1.01","0","0/0","0","0","0","0","0","0",".000","1"
"*01svz*","Kenley Jansen","DET","RP","522","BOS","Reserve","38","@CLE Sun 1:40PM","53.13","76%","-1%","16","4.50","1.125","21","3","0","2.33","8","0/0","0","0","0","0","0","0",".000","19"
"*04k0w*","Camilo Doval","NYY","RP","524","SSP","Active","28","@TOR Sun 1:37PM","53.06","24%","-1%","25.2","5.26","1.208","23","0","0","4.60","4","0/0","0","0","0","0","0","0",".000","30"
"*0518g*","Trevor McDonald","SF","SP","526","KCP","Active","25","CHC Sun 3:10PM","53.01","49%","-3%","42.2","4.64","1.289","41","4","3","2.73","0","0/0","0","0","0","0","0","0",".000","8"
"*05u2q*","Blade Tidwell","SF","SP,RP","528","KCP","Minors","25","CHC Sun 3:10PM","52.92","16%","0%","12","3.00","1.083","10","0","0","3.33","2","0/0","0","0","0","0","0","0",".000","8"
"*05rik*","Bubba Chandler","PIT","SP","532","SSP","Active","23","MIA Sun 12:15PM","52.68","89%","-1%","68","4.76","1.382","68","7","1","1.66","0","0/0","0","0","0","0","0","0",".000","14"
"*03btm*","Jose Alvarado","PHI","RP","537","KCP","Active","31","@MIL Sun 2:10PM","52.59","15%","-1%","25","5.76","1.640","33","1","0","3.67","9","0/0","0","0","0","0","0","0",".000","31"
"*041yb*","Dean Kremer","BAL","SP","542","KCP","Inj Res","30","SD Sun 1:35PM","52.29","34%","0%","11","4.09","0.909","16","1","1","8.00","0","0/0","0","0","0","0","0","0",".000","2"
"*0515o*","Brandon Sproat","MIL","SP","550","SSP","Active","25","PHI Sun 2:10PM","51.99","46%","-2%","60","5.70","1.483","57","4","2","1.90","0","0/0","0","0","0","0","0","0",".000","13"
"*05joq*","Connor Prielipp","MIN","SP","551","PAW","Active","25","STL Sun 2:10PM","51.98","46%","-4%","49.2","5.26","1.349","51","4","1","2.55","0","0/0","0","0","0","0","0","0",".000","10"
"*041ma*","Cole Ragans","KC","SP","559","SUGA","Inj Res","28","HOU Sun 2:10PM","51.67","97%","0%","35.1","4.84","1.415","45","4","3","1.96","0","0/0","0","0","0","0","0","0",".000","8"
"*03yui*","Alex Lange","KC","RP","563","DOB","Active","30","HOU Sun 2:10PM","51.62","45%","+8%","32.2","4.13","1.439","35","4","0","1.84","5","0/0","0","0","0","0","0","0",".000","30"
"*060u3*","Andrew Alvarez","WSH","SP,RP","564","DOB","Reserve","27","SEA Sun 1:35PM","51.62","22%","0%","24.1","3.70","1.438","26","0","0","2.36","3","0/0","0","0","0","0","0","0",".000","7"
"*05tzo*","J.R. Ritchie","ATL","SP","587","DOB","Minors","22","@NYM Sun 1:40PM","50.57","49%","+1%","30.2","3.82","1.337","26","1","1","1.44","0","0/0","0","0","0","0","0","0",".000","6"
"*05rgq*","Kendry Rojas","MIN","SP","588","PAW","Inj Res","23","STL Sun 2:10PM","50.31","21%","0%","14.1","1.26","1.465","14","0","0","1.40","1","0/0","0","0","0","0","0","0",".000","5"
"*05u4l*","Daniel Palencia","CHC","RP","589","DOB","Reserve","26","@SF Sun 3:10PM","50.29","88%","-1%","15.2","2.87","1.404","16","1","0","3.20","3","0/0","0","0","0","0","0","0",".000","18"
"*03poq*","Tony Santillan","CIN","RP","591","MN","Reserve","29","ARI Sun 1:40PM","50.21","33%","-6%","27","5.67","1.519","25","3","0","1.92","14","0/0","0","0","0","0","0","0",".000","31"
"*041qr*","Aaron Civale","ATH","SP","592","ALASKA","Reserve","31","COL Sun 3:05PM","50.13","36%","-2%","55.2","4.20","1.473","39","2","1","2.29","0","0/0","0","0","0","0","0","0",".000","11"
"*066cf*","Zebby Matthews","MIN","SP","593","SSP","Active","26","STL Sun 2:10PM","50.07","74%","-2%","36.1","5.20","1.183","30","4","4","3.33","0","0/0","0","0","0","0","0","0",".000","6"
"*04etg*","Janson Junk","MIA","SP","596","GOATS","Reserve","30","@PIT Sun 12:15PM","50.03","27%","-2%","60","4.80","1.300","43","5","2","3.31","0","0/0","0","0","0","0","0","0",".000","11"
"*061bo*","Rhett Lowder","CIN","SP","603","KCP","Active","24","ARI Sun 1:40PM","49.89","63%","-1%","47","4.60","1.426","37","3","3","1.48","0","0/0","0","0","0","0","0","0",".000","10"
"*05yj3*","Josh Ekness","MIA","RP","610","ALASKA","Minors","24","@PIT Sun 12:15PM","49.62","5%","0%","5.1","1.69","1.313","5","0","0","1.00","1","0/0","0","0","0","0","0","0",".000","6"
"*03d6w*","Jack Flaherty","DET","SP","611","DOB","Reserve","30","@CLE Sun 1:40PM","49.52","71%","0%","65.2","5.35","1.569","78","8","1","2.29","0","0/0","0","0","0","0","0","0",".000","15"
"*03r06*","Ryan Feltner","COL","SP","626","ALASKA","Reserve","29","@ATH Sun 3:05PM","48.62","13%","+3%","36.1","5.20","1.211","26","2","2","2.00","0","0/0","0","0","0","0","0","0",".000","8"
"*03pj4*","Cody Ponce","TOR","SP","629","45s","Inj Res","32","NYY Sun 1:37PM","48.54","43%","0%","2.1","3.86","0.857","3","0","0","3.00","0","0/0","0","0","0","0","0","0",".000","1"
"*0512u*","Jack Kochanowicz","LAA","SP","631","ALASKA","Reserve","25","TB Sun 4:07PM","48.3","24%","-9%","64","6.19","1.578","47","5","5","1.31","0","0/0","0","0","0","0","0","0",".000","13"
"*05y6w*","Hunter Dobbins","STL","SP","636","DOB","Reserve","26","@MIN Sun 2:10PM","47.86","29%","+8%","17.1","3.63","1.385","19","0","0","2.71","1","0/0","0","0","0","0","0","0",".000","4"
"*0316j*","Nick Pivetta","SD","SP","642","GOATS","Inj Res","33","@BAL Sun 1:35PM","47.63","85%","-1%","16","4.50","1.125","24","2","0","4.00","0","0/0","0","0","0","0","0","0",".000","4"
"*04g1x*","David Peterson","NYM","SP,RP","646","PAW","Reserve","30","ATL Sun 1:40PM","47.39","40%","-1%","61","5.75","1.639","57","5","0","2.19","2","0/0","0","0","0","0","0","0",".000","14"
"*02hj7*","Merrill Kelly","ARI","SP","649","BOS","Active","37","@CIN Sun 1:40PM","47.25","73%","-5%","64.1","5.46","1.446","38","5","5","1.41","0","0/0","0","0","0","0","0","0",".000","11"
"*02n4s*","Matthew Boyd","CHC","SP","651","PAW","Inj Res","35","@SF Sun 3:10PM","47.21","82%","0%","24","6.00","1.292","31","1","1","5.17","0","0/0","0","0","0","0","0","0",".000","5"
"*04pvl*","Mike Burrows","HOU","SP","652","SUGA","Reserve","26","@KC Sun 2:10PM","46.98","48%","-7%","78.1","5.86","1.583","65","8","3","2.17","0","0/0","0","0","0","0","0","0",".000","14"
"*041ps*","Nick Lodolo","CIN","SP","655","PAW","Reserve","28","ARI Sun 1:40PM","46.84","92%","-2%","38","5.21","1.447","30","1","2","2.00","0","0/0","0","0","0","0","0","0",".000","7"
"*03qju*","Garrett Cleavinger","TB","RP","661","PAW","Reserve","32","@LAA Sun 4:07PM","46.52","25%","-1%","15.2","5.74","1.532","22","2","0","2.44","10","0/0","0","0","0","0","0","0",".000","18"
"*05jpk*","Joe Boyle","TB","SP","666","ALASKA","Reserve","26","@LAA Sun 4:07PM","46.33","33%","-1%","15.2","5.17","1.085","16","1","1","2.67","0","0/0","0","0","0","0","0","0",".000","3"
"*03qo0*","Pete Fairbanks","MIA","RP","669","BOS","Reserve","32","@PIT Sun 12:15PM","46.07","78%","-2%","19","6.63","1.474","27","3","0","2.45","10","0/0","0","0","0","0","0","0",".000","21"
"*03d6n*","Erick Fedde","CHW","SP,RP","687","KCP","Reserve","33","LAD Sun 2:10PM","45.42","16%","0%","63.1","4.69","1.389","40","5","1","1.67","0","0/0","0","0","0","0","0","0",".000","13"
"*041qo*","Zac Gallen","ARI","SP","689","SUGA","Reserve","30","@CIN Sun 1:40PM","45.37","78%","-3%","69.2","5.43","1.550","46","5","2","2.19","0","0/0","0","0","0","0","0","0",".000","14"
"*026l1*","Lance McCullers Jr.","HOU","SP","692","ALASKA","Reserve","32","@KC Sun 2:10PM","45.26","25%","-1%","39.1","6.86","1.525","43","3","2","1.95","0","0/0","0","0","0","0","0","0",".000","8"
"*04tlv*","Bryan Abreu","HOU","RP","693","MN","Reserve","29","@KC Sun 2:10PM","45.23","48%","-3%","23.1","6.56","1.929","31","3","0","1.29","10","0/0","0","0","0","0","0","0",".000","27"
"*041am*","Lucas Erceg","KC","RP","697","SUGA","Active","31","HOU Sun 2:10PM","44.97","53%","-11%","26.1","5.81","1.937","22","3","0","1.16","14","0/0","0","0","0","0","0","0",".000","28"
"*05ajh*","Garrett Crochet","BOS","SP","700","PAW","Inj Res","26","TEX Sun 7:20PM","44.88","99%","0%","30","6.30","1.467","37","3","3","3.36","0","0/0","0","0","0","0","0","0",".000","6"
"*05lg3*","Brandon Pfaadt","ARI","SP,RP","702","MN","Active","27","@CIN Sun 1:40PM","44.84","36%","-2%","38","5.92","1.500","31","1","1","1.82","2","0/0","0","0","0","0","0","0",".000","13"
"*05g4k*","Mick Abel","MIN","SP","716","KCP","Inj Res","24","STL Sun 2:10PM","44.32","65%","+2%","20.1","3.98","1.574","23","2","2","2.30","0","0/0","0","0","0","0","0","0",".000","4"
"*031d4*","Zack Littell","WSH","SP","721","MN","Active","30","SEA Sun 1:35PM","44.19","49%","+2%","66","5.32","1.348","39","5","1","1.86","0","0/0","0","0","0","0","0","0",".000","14"
"*0312g*","Tyler Mahle","SF","SP","730","KCP","Reserve","31","CHC Sun 3:10PM","43.67","33%","-1%","56.2","6.04","1.535","57","7","1","2.38","0","0/0","0","0","0","0","0","0",".000","11"
"*05uc7*","Noah Schultz","CHW","SP","735","KCP","Minors","22","LAD Sun 2:10PM","43.49","60%","-1%","38.2","5.82","1.345","33","4","2","1.50","0","0/0","0","0","0","0","0","0",".000","8"
"*046yd*","Dennis Santana","PIT","RP","736","SSP","Active","30","MIA Sun 12:15PM","43.43","40%","-4%","28","4.82","1.536","22","3","0","1.38","6","0/0","0","0","0","0","0","0",".000","30"
"*04ak5*","Trevor Rogers","BAL","SP","740","DOB","Reserve","28","SD Sun 1:35PM","42.94","74%","0%","60","6.15","1.483","44","6","3","2.20","0","0/0","0","0","0","0","0","0",".000","12"
"*06ktn*","Tatsuya Imai","HOU","SP","746","MN","Minors","28","@KC Sun 2:10PM","42.64","84%","+1%","35","6.43","1.514","37","3","2","1.54","0","0/0","0","0","0","0","0","0",".000","9"
"*02c2h*","Chris Bassitt","BAL","SP","750","MN","Reserve","37","SD Sun 1:35PM","42.24","42%","-5%","56.1","5.27","1.633","37","4","2","1.68","0","0/0","0","0","0","0","0","0",".000","12"
"*05r3i*","Andrew Painter","PHI","SP","769","Rome","Reserve","23","@MIL Sun 2:10PM","41.4","73%","-4%","63","6.43","1.571","50","7","2","2.27","0","0/0","0","0","0","0","0","0",".000","13"
"*05h2u*","Jared Jones","PIT","SP","797","45s","Reserve","24","MIA Sun 12:15PM","40.25","85%","0%","13.1","4.72","1.425","14","0","0","2.80","0","0/0","0","0","0","0","0","0",".000","3"
"*05yf9*","Carlos Rodriguez","MIL","RP","810","MN","Minors","24","PHI Sun 2:10PM","39.63","5%","0%","9.1","3.86","1.500","8","0","0","2.00","0","0/0","0","0","0","0","0","0",".000","4"
"*0658b*","Jonah Tong","NYM","SP","837","SSP","Reserve","22","ATL Sun 1:40PM","38.15","63%","-5%","10","3.60","1.500","7","1","0","1.00","0","0/0","0","0","0","0","0","0",".000","3"
"*05raz*","Chase Petty","CIN","SP","843","AKR","Active","23","ARI Sun 1:40PM","37.61","25%","0%","13","5.54","1.154","3","1","0","1.00","0","0/0","0","0","0","0","0","0",".000","4"
"*04t40*","Brayan Bello","BOS","SP","844","SUGA","Reserve","27","TEX Sun 7:20PM","37.56","46%","-12%","61","6.34","1.672","44","6","1","1.83","0","0/0","0","0","0","0","0","0",".000","12"
"*0512q*","Justin Slaten","BOS","RP","847","ALASKA","Active","28","TEX Sun 7:20PM","37.27","12%","-2%","13.1","6.75","1.575","17","3","0","3.40","7","0/0","0","0","0","0","0","0",".000","15"
"*02i37*","Lucas Giolito","SD","SP","872","BOS","Active","31","@BAL Sun 1:35PM","35.82","47%","-4%","20.2","4.35","1.742","14","1","0","0.78","0","0/0","0","0","0","0","0","0",".000","5"
"*05xoo*","Elmer Rodriguez","NYY","SP","932","45s","Reserve","22","@TOR Sun 1:37PM","32.57","43%","0%","13","4.15","1.846","6","1","0","0.67","0","0/0","0","0","0","0","0","0",".000","3"
"*04pko*","Grayson Rodriguez","LAA","SP","956","SUGA","Reserve","26","TB Sun 4:07PM","31.4","68%","-8%","23.1","8.10","1.800","23","2","0","1.77","0","0/0","0","0","0","0","0","0",".000","5"
"*060i2*","Jake Bennett","BOS","SP","958","45s","Reserve","25","TEX Sun 7:20PM","31.34","28%","+2%","15.1","5.28","1.500","8","2","0","1.60","0","0/0","0","0","0","0","0","0",".000","3"
"*02my5*","Edwin Diaz","LAD","RP","964","KCP","Inj Res","32","@CHW Sun 2:10PM","31.18","91%","0%","6","10.50","2.333","10","0","0","2.00","4","0/0","0","0","0","0","0","0",".000","7"
"*06mc1*","Trey Gibson","BAL","SP","976","MN","Minors","24","SD Sun 1:35PM","30.41","29%","0%","21.1","5.91","1.594","12","2","0","0.92","0","0/0","0","0","0","0","0","0",".000","5"
"*03di6*","Jordan Romano","COL","RP","997","BOS","Reserve","33","@ATH Sun 3:05PM","29.11","9%","0%","8","10.13","2.125","12","2","0","2.00","4","0/0","0","0","0","0","0","0",".000","11"
"*04a2t*","Kodai Senga","NYM","SP","1005","Rome","Inj Res","33","ATL Sun 1:40PM","28.36","58%","0%","20","9.00","1.950","23","4","1","1.77","0","0/0","0","0","0","0","0","0",".000","5"
"*061mh*","Robby Snelling","MIA","SP","1021","SSP","Inj Res","22","@PIT Sun 12:15PM","27.73","58%","-1%","5","5.40","1.800","2","1","0","0.50","0","0/0","0","0","0","0","0","0",".000","1"
"*04nb5*","Hunter Barco","PIT","RP","1023","AKR","Reserve","25","MIA Sun 12:15PM","27.61","26%","0%","11.2","7.71","1.971","8","1","0","0.89","1","0/0","0","0","0","0","0","0",".000","5"
"*004ee*","Max Scherzer","TOR","SP","1044","GOATS","Reserve","41","NYY Sun 1:37PM","26.6","29%","+2%","22","10.23","1.727","14","4","2","1.27","0","0/0","0","0","0","0","0","0",".000","6"
"*06at1*","Yariel Rodriguez","TOR","RP","1045","MN","Reserve","29","NYY Sun 1:37PM","26.58","5%","0%","9.1","7.71","2.036","6","1","0","0.86","1","0/0","0","0","0","0","0","0",".000","10"
"*04674*","Johan Oviedo","BOS","SP","1073","KCP","Inj Res","28","TEX Sun 7:20PM","25.4","23%","0%","3.2","9.82","1.909","3","0","0","3.00","0","0/0","0","0","0","0","0","0",".000","1"
"*06dqb*","Shane Smith","CHW","SP","1112","SSP","Reserve","26","LAD Sun 2:10PM","23.73","40%","-1%","8.1","10.80","2.520","11","2","0","1.22","0","0/0","0","0","0","0","0","0",".000","3"
"*067xm*","George Klassen","LAA","SP","1140","Rome","Reserve","24","TB Sun 4:07PM","22.54","25%","0%","4.2","11.57","3.643","6","1","0","0.60","0","0/0","0","0","0","0","0","0",".000","2"
"*02bqr*","Blake Snell","LAD","SP","1141","PAW","Inj Res","33","@CHW Sun 2:10PM","22.51","90%","0%","3","12.00","2.667","5","1","0","2.50","0","0/0","0","0","0","0","0","0",".000","1"
"*05zq4*","Ryan Johnson","LAA","RP","1147","GOATS","Minors","23","TB Sun 4:07PM","22.26","12%","0%","8.1","15.12","2.640","5","1","0","0.71","0","0/0","0","0","0","0","0","0",".000","4"
"*03mnq*","Carlos Estevez","KC","RP","1204","MN","Inj Res","33","HOU Sun 2:10PM","18.83","65%","-1%","0.1","162.00","18.000","0","1","0","0.00","0","0/0","0","0","0","0","0","0",".000","1"
"*05jp8*","Kevin Abel","CIN","SP","1206","KCP","Minors","27","ARI Sun 1:40PM","0","1%","0%","0","0","0","0","0","0","0","0","0/0","0","0","0","0","0","0",".000","0"
"*05ydp*","Kade Anderson","SEA","SP","1365","SSP","Reserve","21","@WSH Sun 1:35PM","0","66%","0%","0","0","0","0","0","0","0","0","0/0","0","0","0","0","0","0",".000","0"
"*06ktt*","Jamie Arnold","ATH","SP","1441","BOS","Minors","22","COL Sun 3:05PM","0","48%","0%","0","0","0","0","0","0","0","0","0/0","0","0","0","0","0","0",".000","0"
"*05t64*","Felix Bautista","BAL","RP","1577","ALASKA","Inj Res","30","SD Sun 1:35PM","0","28%","0%","0","0","0","0","0","0","0","0","0/0","0","0","0","0","0","0",".000","0"
"*05xpo*","Ryan Bergert","KC","SP","1636","KCP","Reserve","26","HOU Sun 2:10PM","0","8%","0%","0","0","0","0","0","0","0","0","0/0","0","0","0","0","0","0",".000","0"
"*041rf*","Shane Bieber","TOR","SP","1661","DOB","Reserve","31","NYY Sun 1:37PM","0","80%","+1%","0","0","0","0","0","0","0","0","0/0","0","0","0","0","0","0",".000","0"
"*06dqi*","Jake Bloss","TOR","SP","1696","DOB","Minors","24","NYY Sun 1:37PM","0","12%","0%","0","0","0","0","0","0","0","0","0/0","0","0","0","0","0","0",".000","0"
"*06icx*","Tyler Bremner","LAA","SP","1781","BOS","Minors","22","TB Sun 4:07PM","0","44%","0%","0","0","0","0","0","0","0","0","0/0","0","0","0","0","0","0",".000","0"
"*041rd*","Corbin Burnes","ARI","SP","1870","MN","Inj Res","31","@CIN Sun 1:40PM","0","65%","-6%","0","0","0","0","0","0","0","0","0/0","0","0","0","0","0","0",".000","0"
"*062e0*","Cam Caminiti","ATL","SP","1944","AKR","Reserve","19","@NYM Sun 1:40PM","0","44%","0%","0","0","0","0","0","0","0","0","0/0","0","0","0","0","0","0",".000","0"
"*06rm6*","Kendry Chourio","KC","SP","2155","45s","Minors","18","HOU Sun 2:10PM","0","38%","0%","0","0","0","0","0","0","0","0","0/0","0","0","0","0","0","0",".000","0"
"*060m8*","Jurrangelo Cijntje","STL","SP","2164","AKR","Minors","23","@MIN Sun 2:10PM","0","38%","0%","0","0","0","0","0","0","0","0","0/0","0","0","0","0","0","0",".000","0"
"*06qif*","Brandon Clarke","STL","SP","2178","SUGA","Minors","23","@MIN Sun 2:10PM","0","13%","0%","0","0","0","0","0","0","0","0","0/0","0","0","0","0","0","0",".000","0"
"*04ug5*","Emmanuel Clase","CLE","RP","2179","GOATS","Inj Res","28","DET Sun 1:40PM","0","5%","0%","0","0","0","0","0","0","0","0","0/0","0","0","0","0","0","0",".000","0"
"*06bfu*","Alex Clemmey","WSH","SP","2185","45s","Minors","20","SEA Sun 1:35PM","0","18%","0%","0","0","0","0","0","0","0","0","0/0","0","0","0","0","0","0",".000","0"
"*063e5*","Caden Dana","LAA","SP","2390","Rome","Reserve","22","TB Sun 4:07PM","0","22%","0%","0","0","0","0","0","0","0","0","0/0","0","0","0","0","0","0",".000","0"
"*01c5l*","Yu Darvish","SD","SP","2400","MN","Inj Res","39","@BAL Sun 1:35PM","0","4%","0%","0","0","0","0","0","0","0","0","0/0","0","0","0","0","0","0",".000","0"
"*06mio*","David Davalillo","TEX","SP","2406","SUGA","Reserve","24","@BOS Sun 7:20PM","0","16%","0%","0","0","0","0","0","0","0","0","0/0","0","0","0","0","0","0",".000","0"
"*06ckl*","Luis De Leon","BAL","SP","2473","AKR","Reserve","23","SD Sun 1:35PM","0","20%","0%","0","0","0","0","0","0","0","0","0/0","0","0","0","0","0","0",".000","0"
"*06rgh*","Kevin Defrank","MIA","SP","2513","KCP","Minors","17","@PIT Sun 12:15PM","0","19%","0%","0","0","0","0","0","0","0","0","0/0","0","0","0","0","0","0",".000","0"
"*06roc*","Liam Doyle","STL","SP","2611","PAW","Minors","22","@MIN Sun 2:10PM","0","50%","0%","0","0","0","0","0","0","0","0","0/0","0","0","0","0","0","0",".000","0"
"*066m0*","Kohl Drake","ARI","SP","2614","ALASKA","Minors","25","@CIN Sun 1:40PM","0","7%","0%","0","0","0","0","0","0","0","0","0/0","0","0","0","0","0","0",".000","0"
"*06rre*","Joseph Dzierwa","BAL","SP","2661","AKR","Minors","22","SD Sun 1:35PM","0","22%","0%","0","0","0","0","0","0","0","0","0/0","0","0","0","0","0","0",".000","0"
"*06o03*","Daniel Eagen","ARI","SP","2662","DOB","Minors","23","@CIN Sun 1:40PM","0","9%","0%","0","0","0","0","0","0","0","0","0/0","0","0","0","0","0","0",".000","0"
"*04ya2*","Daniel Espino","CLE","SP","2727","MN","Minors","25","DET Sun 1:40PM","0","26%","+2%","0","0","0","0","0","0","0","0","0/0","0","0","0","0","0","0",".000","0"
"*06hv8*","Logan Evans","SEA","SP","2752","Rome","Inj Res","25","@WSH Sun 1:35PM","0","12%","0%","0","0","0","0","0","0","0","0","0/0","0","0","0","0","0","0",".000","0"
"*06mph*","Anthony Eyanson","BOS","SP","2755","KCP","Minors","21","TEX Sun 7:20PM","0","36%","0%","0","0","0","0","0","0","0","0","0/0","0","0","0","0","0","0",".000","0"
"*05u6g*","Jackson Ferris","LAD","SP","2817","PAW","Minors","22","@CHW Sun 2:10PM","0","32%","0%","0","0","0","0","0","0","0","0","0/0","0","0","0","0","0","0",".000","0"
"*05yav*","David Festa","MIN","SP","2818","GOATS","Inj Res","26","STL Sun 2:10PM","0","17%","0%","0","0","0","0","0","0","0","0","0/0","0","0","0","0","0","0",".000","0"
"*05rav*","Richard Fitts","STL","SP","2842","MN","Reserve","26","@MIN Sun 2:10PM","0","12%","0%","0","0","0","0","0","0","0","0","0/0","0","0","0","0","0","0",".000","0"
"*06hwt*","Michael Forret","TB","SP","2892","DOB","Minors","22","@LAA Sun 4:07PM","0","22%","0%","0","0","0","0","0","0","0","0","0/0","0","0","0","0","0","0",".000","0"
"*0421k*","Bowden Francis","TOR","SP","2911","KCP","Inj Res","30","NYY Sun 1:37PM","0","8%","0%","0","0","0","0","0","0","0","0","0/0","0","0","0","0","0","0",".000","0"
"*06gjv*","Nestor German","BAL","SP","3072","DOB","Minors","24","SD Sun 1:35PM","0","13%","0%","0","0","0","0","0","0","0","0","0/0","0","0","0","0","0","0",".000","0"
"*03zbj*","Brusdar Graterol","LAD","RP","3194","BOS","Inj Res","27","@CHW Sun 2:10PM","0","7%","0%","0","0","0","0","0","0","0","0","0/0","0","0","0","0","0","0",".000","0"
"*04aea*","Hunter Greene","CIN","SP","3211","SSP","Inj Res","26","ARI Sun 1:40PM","0","92%","0%","0","0","0","0","0","0","0","0","0/0","0","0","0","0","0","0",".000","0"
"*067yn*","Seth Hernandez","PIT","SP","3450","SUGA","Minors","19","MIA Sun 12:15PM","0","56%","0%","0","0","0","0","0","0","0","0","0/0","0","0","0","0","0","0",".000","0"
"*0516h*","DJ Herz","WSH","SP","3469","DOB","Inj Res","25","SEA Sun 1:35PM","0","20%","0%","0","0","0","0","0","0","0","0","0/0","0","0","0","0","0","0",".000","0"
"*066iq*","Ben Hess","NYY","SP","3470","AKR","Minors","23","@TOR Sun 1:37PM","0","25%","0%","0","0","0","0","0","0","0","0","0/0","0","0","0","0","0","0",".000","0"
"*06f1b*","Brody Hopkins","TB","SP","3546","SSP","Reserve","24","@LAA Sun 4:07PM","0","41%","0%","0","0","0","0","0","0","0","0","0/0","0","0","0","0","0","0",".000","0"
"*05rb0*","Jackson Jobe","DET","SP","3692","ALASKA","Inj Res","23","@CLE Sun 1:40PM","0","47%","0%","0","0","0","0","0","0","0","0","0/0","0","0","0","0","0","0",".000","0"
"*06htl*","Ty Johnson","TB","SP","3709","GOATS","Minors","24","@LAA Sun 4:07PM","0","22%","0%","0","0","0","0","0","0","0","0","0/0","0","0","0","0","0","0",".000","0"
"*060eu*","Ben Joyce","LAA","RP","3740","Rome","Inj Res","25","TB Sun 4:07PM","0","35%","0%","0","0","0","0","0","0","0","0","0/0","0","0","0","0","0","0",".000","0"
"*06n3o*","Johnny King","TOR","SP","3808","PAW","Minors","19","NYY Sun 1:37PM","0","26%","0%","0","0","0","0","0","0","0","0","0/0","0","0","0","0","0","0",".000","0"
"*05l9f*","Landon Knack","LAD","SP","3836","BOS","Reserve","28","@CHW Sun 2:10PM","0","7%","0%","0","0","0","0","0","0","0","0","0/0","0","0","0","0","0","0",".000","0"
"*062h4*","Carlos Lagrange","NYY","SP","3888","45s","Minors","23","@TOR Sun 1:37PM","0","50%","0%","0","0","0","0","0","0","0","0","0/0","0","0","0","0","0","0",".000","0"
"*06kza*","Justin Lamkin","KC","SP","3893","PAW","Minors","22","HOU Sun 2:10PM","0","11%","0%","0","0","0","0","0","0","0","0","0/0","0","0","0","0","0","0",".000","0"
"*05tdl*","Dylan Lesko","TB","RP","3980","GOATS","Minors","22","@LAA Sun 4:07PM","0","13%","0%","0","0","0","0","0","0","0","0","0/0","0","0","0","0","0","0",".000","0"
"*06gjw*","Bishop Letson","MIL","SP","3982","AKR","Minors","21","PHI Sun 2:10PM","0","16%","0%","0","0","0","0","0","0","0","0","0/0","0","0","0","0","0","0",".000","0"
"*06op3*","Wei-En Lin","ATH","SP,RP","4002","45s","Minors","20","COL Sun 3:05PM","0","25%","0%","0","0","0","0","0","0","0","0","0/0","0","0","0","0","0","0",".000","0"
"*06l0n*","Sean Paul Linan","NYY","SP","4004","SUGA","Active","21","@TOR Sun 1:37PM","0","7%","0%","0","0","0","0","0","0","0","0","0/0","0","0","0","0","0","0",".000","0"
"*043f9*","Pablo Lopez","MIN","SP","4066","GOATS","Inj Res","30","STL Sun 2:10PM","0","45%","0%","0","0","0","0","0","0","0","0","0/0","0","0","0","0","0","0",".000","0"
"*0512c*","Alec Marsh","KC","SP","4209","MN","Inj Res","28","HOU Sun 2:10PM","0","5%","0%","0","0","0","0","0","0","0","0","0/0","0","0","0","0","0","0",".000","0"
"*05acp*","Justin Martinez","ARI","RP","4255","AKR","Inj Res","24","@CIN Sun 1:40PM","0","25%","0%","0","0","0","0","0","0","0","0","0/0","0","0","0","0","0","0",".000","0"
"*060gd*","Quinn Mathews","STL","SP","4285","AKR","Reserve","25","@MIN Sun 2:10PM","0","40%","0%","0","0","0","0","0","0","0","0","0/0","0","0","0","0","0","0",".000","0"
"*05xom*","Tyler Mattison","DET","SP","4299","MN","Minors","26","@CLE Sun 1:40PM","0","1%","0%","0","0","0","0","0","0","0","0","0/0","0","0","0","0","0","0",".000","0"
"*06lp4*","Kash Mayfield","SD","SP","4306","PAW","Minors","21","@BAL Sun 1:35PM","0","26%","0%","0","0","0","0","0","0","0","0","0/0","0","0","0","0","0","0",".000","0"
"*05xpj*","Tanner McDougal","CHW","SP","4345","GOATS","Minors","23","LAD Sun 2:10PM","0","32%","0%","0","0","0","0","0","0","0","0","0/0","0","0","0","0","0","0",".000","0"
"*06rw3*","Briggs McKenzie","ATL","SP","4363","DOB","Minors","19","@NYM Sun 1:40PM","0","17%","+4%","0","0","0","0","0","0","0","0","0/0","0","0","0","0","0","0",".000","0"
"*062z7*","Karson Milbrandt","MIA","SP","4499","Rome","Reserve","22","@PIT Sun 12:15PM","0","38%","+1%","0","0","0","0","0","0","0","0","0/0","0","0","0","0","0","0",".000","0"
"*06hw9*","Mason Miller","KC","SP,RP","4515","MN","Minors","24","HOU Sun 2:10PM","0","2%","0%","0","0","0","0","0","0","0","0","0/0","0","0","0","0","0","0",".000","0"
"*062pm*","Owen Murphy","ATL","SP","4690","SSP","Minors","22","@NYM Sun 1:40PM","0","25%","0%","0","0","0","0","0","0","0","0","0/0","0","0","0","0","0","0",".000","0"
"*02bqy*","Joe Musgrove","SD","SP","4699","SUGA","Inj Res","33","@BAL Sun 1:35PM","0","65%","-1%","0","0","0","0","0","0","0","0","0/0","0","0","0","0","0","0",".000","0"
"*04px8*","Reese Olson","DET","SP","4838","SUGA","Inj Res","26","@CLE Sun 1:40PM","0","33%","0%","0","0","0","0","0","0","0","0","0/0","0","0","0","0","0","0",".000","0"
"*0512m*","Ryan Pepiot","TB","SP","5029","ALASKA","Reserve","28","@LAA Sun 4:07PM","0","63%","-1%","0","0","0","0","0","0","0","0","0/0","0","0","0","0","0","0",".000","0"
"*067xg*","Nolan Perry","TOR","SP","5090","Rome","Minors","22","NYY Sun 1:37PM","0","19%","0%","0","0","0","0","0","0","0","0","0/0","0","0","0","0","0","0",".000","0"
"*06z3q*","Mason Peters","SEA","RP","5094","Rome","Active","22","@WSH Sun 1:35PM","0","4%","0%","0","0","0","0","0","0","0","0","0/0","0","0","0","0","0","0",".000","0"
"*05u6h*","Brock Porter","TEX","RP","5193","BOS","Minors","23","@BOS Sun 7:20PM","0","11%","0%","0","0","0","0","0","0","0","0","0/0","0","0","0","0","0","0",".000","0"
"*050vn*","Quinn Priester","MIL","SP","5216","AKR","Inj Res","25","PHI Sun 2:10PM","0","59%","-2%","0","0","0","0","0","0","0","0","0/0","0","0","0","0","0","0",".000","0"
"*03yso*","A.J. Puk","ARI","RP","5228","45s","Inj Res","31","@CIN Sun 1:40PM","0","22%","0%","0","0","0","0","0","0","0","0","0/0","0","0","0","0","0","0",".000","0"
"*06kxc*","Zach Root","LAD","SP","5586","PAW","Minors","22","@CHW Sun 2:10PM","0","17%","0%","0","0","0","0","0","0","0","0","0/0","0","0","0","0","0","0",".000","0"
"*05jri*","Alejandro Rosario","WSH","SP","5596","SUGA","Minors","24","SEA Sun 1:35PM","0","18%","0%","0","0","0","0","0","0","0","0","0/0","0","0","0","0","0","0",".000","0"
"*05ynx*","River Ryan","LAD","SP","5655","AKR","Reserve","27","@CHW Sun 2:10PM","0","52%","0%","0","0","0","0","0","0","0","0","0/0","0","0","0","0","0","0",".000","0"
"*06f1j*","Caden Scarborough","TEX","SP","5781","SSP","Minors","21","@BOS Sun 7:20PM","0","31%","0%","0","0","0","0","0","0","0","0","0/0","0","0","0","0","0","0",".000","0"
"*04ee7*","Clarke Schmidt","NYY","SP","5793","ALASKA","Inj Res","30","@TOR Sun 1:37PM","0","33%","0%","0","0","0","0","0","0","0","0","0/0","0","0","0","0","0","0",".000","0"
"*064wj*","Kruz Schoolcraft","SD","SP","5801","SSP","Minors","19","@BAL Sun 1:35PM","0","36%","0%","0","0","0","0","0","0","0","0","0/0","0","0","0","0","0","0",".000","0"
"*05tq1*","Spencer Schwellenbach","ATL","SP","5812","GOATS","Inj Res","26","@NYM Sun 1:40PM","0","72%","0%","0","0","0","0","0","0","0","0","0/0","0","0","0","0","0","0",".000","0"
"*04eld*","J.P. Sears","SD","SP","5821","MN","Reserve","30","@BAL Sun 1:35PM","0","14%","0%","0","0","0","0","0","0","0","0","0/0","0","0","0","0","0","0",".000","0"
"*06kke*","David Shields","KC","SP","5877","AKR","Minors","19","HOU Sun 2:10PM","0","16%","0%","0","0","0","0","0","0","0","0","0/0","0","0","0","0","0","0",".000","0"
"*06ybd*","Miguel Sime","WSH","SP","5907","AKR","Minors","19","SEA Sun 1:35PM","0","21%","0%","0","0","0","0","0","0","0","0","0/0","0","0","0","0","0","0",".000","0"
"*06y9s*","Johnny Slawinski","LAA","SP","5930","AKR","Minors","19","TB Sun 4:07PM","0","7%","0%","0","0","0","0","0","0","0","0","0/0","0","0","0","0","0","0",".000","0"
"*06ier*","Ryan Sloan","SEA","SP","5933","Rome","Minors","20","@WSH Sun 1:35PM","0","53%","0%","0","0","0","0","0","0","0","0","0/0","0","0","0","0","0","0",".000","0"
"*05zd4*","Hagen Smith","CHW","SP","5950","PAW","Minors","22","LAD Sun 2:10PM","0","54%","+3%","0","0","0","0","0","0","0","0","0/0","0","0","0","0","0","0",".000","0"
"*05uy5*","AJ Smith-Shawver","ATL","SP","5960","SSP","Inj Res","23","@NYM Sun 1:40PM","0","34%","0%","0","0","0","0","0","0","0","0","0/0","0","0","0","0","0","0",".000","0"
"*05t7a*","Anthony Solometo","PIT","SP","5977","ALASKA","Minors","23","MIA Sun 12:15PM","0","8%","0%","0","0","0","0","0","0","0","0","0/0","0","0","0","0","0","0",".000","0"
"*03deg*","Justin Steele","CHC","SP","6027","ALASKA","Inj Res","30","@SF Sun 3:10PM","0","66%","0%","0","0","0","0","0","0","0","0","0/0","0","0","0","0","0","0",".000","0"
"*06z3m*","Jackson Steensma","SEA","SP","6028","Rome","Minors","22","@WSH Sun 1:35PM","0","5%","0%","0","0","0","0","0","0","0","0","0/0","0","0","0","0","0","0",".000","0"
"*06nub*","Khal Stephen","CLE","SP","6034","ALASKA","Minors","23","DET Sun 1:40PM","0","24%","0%","0","0","0","0","0","0","0","0","0/0","0","0","0","0","0","0",".000","0"
"*05mrx*","Gavin Stone","LAD","SP","6051","GOATS","Inj Res","27","@CHW Sun 2:10PM","0","20%","-1%","0","0","0","0","0","0","0","0","0/0","0","0","0","0","0","0",".000","0"
"*05y7n*","Jarlin Susana","WSH","SP","6104","Rome","Minors","22","SEA Sun 1:35PM","0","42%","0%","0","0","0","0","0","0","0","0","0/0","0","0","0","0","0","0",".000","0"
"*05ycl*","Travis Sykora","WSH","SP","6114","SSP","Reserve","22","SEA Sun 1:35PM","0","43%","0%","0","0","0","0","0","0","0","0","0/0","0","0","0","0","0","0",".000","0"
"*05yb1*","Drew Thorpe","CHW","SP","6202","45s","Inj Res","25","LAD Sun 2:10PM","0","21%","0%","0","0","0","0","0","0","0","0","0/0","0","0","0","0","0","0",".000","0"
"*05js6*","Ricky Tiedemann","TOR","SP","6210","Rome","Minors","23","NYY Sun 1:37PM","0","36%","0%","0","0","0","0","0","0","0","0","0/0","0","0","0","0","0","0",".000","0"
"*04tji*","Edwin Uceta","TB","RP","6312","Rome","Inj Res","28","@LAA Sun 4:07PM","0","32%","-1%","0","0","0","0","0","0","0","0","0/0","0","0","0","0","0","0",".000","0"
"*06qsl*","Najer Victor","LAA","RP","6442","MN","Minors","24","TB Sun 4:07PM","0","2%","0%","0","0","0","0","0","0","0","0","0/0","0","0","0","0","0","0",".000","0"
"*0603p*","Hurston Waldrep","ATL","SP","6495","SSP","Active","24","@NYM Sun 1:40PM","0","56%","+1%","0","0","0","0","0","0","0","0","0/0","0","0","0","0","0","0",".000","0"
"*050s3*","Blake Walston","ARI","SP","6511","ALASKA","Minors","24","@CIN Sun 1:40PM","0","4%","0%","0","0","0","0","0","0","0","0","0/0","0","0","0","0","0","0",".000","0"
"*06f1c*","Jack Wenninger","NYM","SP","6559","AKR","Reserve","24","ATL Sun 1:40PM","0","34%","-1%","0","0","0","0","0","0","0","0","0/0","0","0","0","0","0","0",".000","0"
"*05y7v*","Carson Whisenhunt","SF","SP","6576","BOS","Minors","25","CHC Sun 3:10PM","0","22%","0%","0","0","0","0","0","0","0","0","0/0","0","0","0","0","0","0",".000","0"
"*05tp6*","Thomas White","MIA","SP","6587","45s","Minors","21","@PIT Sun 12:15PM","0","61%","-2%","0","0","0","0","0","0","0","0","0/0","0","0","0","0","0","0",".000","0"
"*06c1l*","Joe Whitman","SF","SP","6591","Rome","Reserve","24","CHC Sun 3:10PM","0","6%","0%","0","0","0","0","0","0","0","0","0/0","0","0","0","0","0","0",".000","0"
"*06huh*","Brett Wichrowski","MIL","SP","6594","GOATS","Minors","23","PHI Sun 2:10PM","0","6%","0%","0","0","0","0","0","0","0","0","0/0","0","0","0","0","0","0",".000","0"
"*05u2p*","Jaxon Wiggins","CHC","SP","6599","SSP","Reserve","24","@SF Sun 3:10PM","0","43%","0%","0","0","0","0","0","0","0","0","0/0","0","0","0","0","0","0",".000","0"
"*06dmr*","Matt Wilkinson","SF","SP","6603","DOB","Minors","23","CHC Sun 3:10PM","0","13%","0%","0","0","0","0","0","0","0","0","0/0","0","0","0","0","0","0",".000","0"
"*06ms5*","Kyson Witherspoon","BOS","SP","6645","SUGA","Minors","21","TEX Sun 7:20PM","0","41%","0%","0","0","0","0","0","0","0","0","0/0","0","0","0","0","0","0",".000","0"
"*06ujt*","Gage Wood","PHI","SP","6651","SSP","Reserve","22","@MIL Sun 2:10PM","0","36%","0%","0","0","0","0","0","0","0","0","0/0","0","0","0","0","0","0",".000","0"
"*04aed*","Kyle Wright","CHC","SP","6670","BOS","Reserve","30","@SF Sun 3:10PM","0","4%","0%","0","0","0","0","0","0","0","0","0/0","0","0","0","0","0","0",".000","0"
