"ID","Player","Team","Position","RkOv","Status","Roster Status","Age","Opponent","Score","Ros","+/-","H/AB","R","HR","RBI","SO","SB","AVG","OPS","GP"
"*02yc4*","Shohei Ohtani","LAD","UT,SP","1","DOB","Active","31","@CHW Sun 2:10PM","105.61","100%","0%","75/246","50","14","41","67","6",".305",".979","68"
"*04355*","Yordan Alvarez","HOU","OF","3","PAW","Active","28","@KC Sun 2:10PM","100","100%","0%","84/257","49","24","54","53","1",".327","1.093","71"
"*05gbf*","Jordan Walker","STL","OF","5","BOS","Active","24","@MIN Sun 2:10PM","98.84","96%","0%","79/265","46","18","56","72","10",".298",".915","67"
"*05rat*","James Wood","WSH","OF","6","45s","Active","23","SEA Sun 1:35PM","97.72","100%","0%","74/270","64","19","44","98","13",".274",".949","71"
"*04qk8*","CJ Abrams","WSH","SS","7","AKR","Active","25","SEA Sun 1:35PM","96.93","100%","0%","74/254","45","14","53","60","10",".291",".903","69"
"*04ru7*","Miguel Vargas","CHW","1B,3B","8","SSP","Active","26","LAD Sun 2:10PM","96.29","98%","0%","61/247","50","16","44","49","9",".247",".865","68"
"*01ub6*","Jose Ramirez","CLE","3B","10","SUGA","Reserve","33","DET Sun 1:40PM","95.62","100%","0%","64/268","42","10","33","44","24",".239",".757","72"
"*02mwm*","Matt Olson","ATL","1B","13","DOB","Active","32","@NYM Sun 1:40PM","94.87","100%","0%","74/274","51","20","51","71","2",".270",".899","70"
"*04ru5*","Andy Pages","LAD","OF","14","ALASKA","Active","25","@CHW Sun 2:10PM","94.31","99%","0%","75/270","42","15","56","59","7",".278",".832","70"
"*05ynb*","Liam Hicks","MIA","C,1B","15","AKR","Active","27","@PIT Sun 12:15PM","93.61","90%","0%","62/228","38","13","51","24","1",".272",".835","69"
"*03zlh*","Oneil Cruz","PIT","OF","16","DOB","Reserve","27","MIA Sun 12:15PM","93.43","100%","0%","66/250","45","14","44","98","21",".264",".822","65"
"*05yo5*","Ben Rice","NYY","C,1B","17","45s","Active","27","@TOR Sun 1:37PM","91.99","100%","0%","68/234","50","18","45","63","2",".291",".989","64"
"*04lgp*","Bobby Witt Jr.","KC","SS","18","DOB","Active","25","HOU Sun 2:10PM","91.62","100%","0%","80/282","35","9","28","56","24",".284",".810","71"
"*062k5*","Nick Kurtz","ATH","1B","21","Rome","Active","23","COL Sun 3:05PM","91.39","100%","0%","71/249","48","16","50","91","7",".285",".971","69"
"*040b5*","Randy Arozarena","SEA","OF","22","ALASKA","Active","31","@WSH Sun 1:35PM","90.8","99%","0%","76/261","47","7","33","66","19",".291",".826","72"
"*03120*","Cody Bellinger","NYY","OF","25","45s","Active","30","@TOR Sun 1:37PM","90.18","100%","0%","67/248","41","10","45","37","8",".270",".839","68"
"*02i2k*","Byron Buxton","MIN","OF","26","PAW","Active","32","STL Sun 2:10PM","89.74","100%","0%","66/245","47","22","34","70","6",".269",".927","61"
"*04o4s*","Shea Langeliers","ATH","C","27","Rome","Active","28","COL Sun 3:05PM","89.7","100%","0%","75/267","46","18","36","57","1",".281",".883","64"
"*01fh9*","Bryce Harper","PHI","1B","31","45s","Active","33","@MIL Sun 2:10PM","88.74","100%","0%","63/242","46","15","39","55","5",".260",".873","70"
"*05jr0*","Alec Burleson","STL","1B,OF","33","SSP","Active","27","@MIN Sun 2:10PM","88.72","99%","0%","76/264","38","12","50","45","2",".288",".842","67"
"*04b00*","Brice Turang","MIL","2B","34","PAW","Active","26","PHI Sun 2:10PM","88.63","100%","0%","64/245","53","10","42","73","12",".261",".835","66"
"*02mw3*","Christian Walker","HOU","1B","36","KCP","Active","35","@KC Sun 2:10PM","88.35","99%","0%","66/267","41","18","52","64","0",".247",".821","71"
"*04tjl*","Otto Lopez","MIA","2B,SS","37","45s","Active","27","@PIT Sun 12:15PM","88.25","98%","0%","96/278","43","5","31","45","13",".345",".859","71"
"*041pz*","Pete Alonso","BAL","1B","39","GOATS","Active","31","SD Sun 1:35PM","87.77","100%","0%","69/274","44","16","48","70","2",".252",".808","71"
"*05u9o*","Sal Stewart","CIN","1B,3B","40","PAW","Active","22","ARI Sun 1:40PM","87.34","99%","0%","64/259","36","13","42","62","10",".247",".793","69"
"*03m6o*","Yandy Diaz","TB","1B","41","GOATS","Active","34","@LAA Sun 4:07PM","87.15","99%","0%","80/246","34","12","46","34","1",".325",".927","64"
"*05gx4*","Dillon Dingler","DET","C","42","MN","Active","27","@CLE Sun 1:40PM","86.95","94%","+1%","60/236","33","16","50","55","0",".254",".855","64"
"*051wv*","Pete Crow-Armstrong","CHC","OF","43","KCP","Active","24","@SF Sun 3:10PM","86.71","100%","0%","70/266","42","12","33","76","15",".263",".804","71"
"*04n8z*","Xavier Edwards","MIA","2B,SS","47","GOATS","Active","26","@PIT Sun 12:15PM","85.69","99%","0%","78/260","43","6","24","36","11",".300",".826","71"
"*03fi0*","Ozzie Albies","ATL","2B","48","SUGA","Active","29","@NYM Sun 1:40PM","85.55","99%","0%","76/268","45","10","37","36","1",".284",".783","70"
"*0630d*","Drake Baldwin","ATL","C","49","PAW","Inj Res","25","@NYM Sun 1:40PM","85.37","99%","0%","57/188","39","13","38","44","1",".303",".931","48"
"*04y4e*","Corbin Carroll","ARI","OF","50","45s","Active","25","@CIN Sun 1:40PM","85.25","100%","0%","70/248","43","12","34","62","8",".282",".925","67"
"*04fhb*","Julio Rodriguez","SEA","OF","51","GOATS","Active","25","@WSH Sun 1:35PM","84.9","100%","0%","73/290","39","13","34","65","9",".252",".749","72"
"*03yrz*","William Contreras","MIL","C","57","MN","Active","28","PHI Sun 2:10PM","83.86","100%","0%","74/254","39","6","43","37","1",".291",".755","65"
"*05jp4*","Casey Schmitt","SF","1B,2B,3B,OF","60","SUGA","Active","27","CHC Sun 3:10PM","83.46","89%","0%","69/254","31","15","38","54","5",".272",".805","64"
"*05u2v*","Hunter Goodman","COL","C","61","SUGA","Active","26","@ATH Sun 3:05PM","83.42","99%","0%","58/246","41","18","33","95","5",".236",".810","65"
"*03qjy*","Brandon Lowe","PIT","2B","62","PAW","Active","31","MIA Sun 12:15PM","83.4","99%","0%","61/249","43","17","46","70","0",".245",".853","65"
"*0316v*","Jake Bauers","MIL","1B,OF","64","SUGA","Active","30","PHI Sun 2:10PM","83.27","86%","+1%","58/210","40","13","46","58","5",".276",".894","60"
"*0512v*","Michael Harris II","ATL","OF","65","Rome","Active","25","@NYM Sun 1:40PM","83.25","99%","0%","73/241","33","14","41","52","3",".303",".849","66"
"*03pjd*","Josh Naylor","SEA","1B","66","45s","Active","28","@WSH Sun 1:35PM","83.1","98%","0%","67/266","27","8","32","38","13",".252",".683","67"
"*03ynj*","Juan Soto","NYM","OF","67","PAW","Active","27","ATL Sun 1:40PM","82.93","100%","0%","56/195","31","15","32","30","6",".287",".937","54"
"*03cag*","Kyle Schwarber","PHI","UT","68","GOATS","Active","33","@MIL Sun 2:10PM","82.88","100%","0%","63/255","42","24","42","104","1",".247",".937","67"
"*05udp*","Elly De La Cruz","CIN","SS","69","45s","Reserve","24","ARI Sun 1:40PM","82.69","100%","0%","65/232","40","12","37","76","10",".280",".855","58"
"*05t2b*","Daylen Lile","WSH","OF","71","45s","Active","23","SEA Sun 1:35PM","82.54","96%","0%","73/278","41","8","36","53","7",".263",".744","70"
"*05xu5*","Zach Neto","LAA","SS","72","Rome","Active","25","TB Sun 4:07PM","82.51","99%","0%","61/268","48","13","32","98","11",".228",".766","69"
"*04pkr*","Nico Hoerner","CHC","2B","74","ALASKA","Active","29","@SF Sun 3:10PM","81.97","99%","0%","67/279","26","4","34","21","12",".240",".656","70"
"*01s8u*","Mike Trout","LAA","OF,UT","75","ALASKA","Active","34","TB Sun 4:07PM","81.45","99%","0%","56/249","51","15","32","78","7",".225",".837","70"
"*01cgo*","Freddie Freeman","LAD","1B","76","PAW","Active","36","@CHW Sun 2:10PM","81.4","100%","0%","71/258","38","10","37","50","2",".275",".828","68"
"*02z0s*","Aaron Judge","NYY","OF","79","GOATS","Reserve","34","@TOR Sun 1:37PM","81.29","100%","0%","53/214","43","17","38","72","5",".248",".907","59"
"*05yby*","Kevin McGonigle","DET","3B,SS","81","Rome","Active","21","@CLE Sun 1:40PM","81.08","99%","0%","71/256","44","4","24","40","9",".277",".790","68"
"*03mew*","Luis Arraez","SF","1B,2B","82","BOS","Active","29","CHC Sun 3:10PM","81.03","95%","0%","88/272","35","2","26","13","5",".324",".798","68"
"*05xch*","Junior Caminero","TB","3B","83","PAW","Active","22","@LAA Sun 4:07PM","80.95","100%","0%","69/253","41","14","30","50","0",".273",".855","67"
"*0326s*","Ketel Marte","ARI","2B","89","DOB","Active","32","@CIN Sun 1:40PM","80.29","100%","0%","67/267","38","11","40","45","0",".251",".744","66"
"*05y3u*","Munetaka Murakami","CHW","1B,3B","90","SUGA","Reserve","26","LAD Sun 2:10PM","80.25","99%","0%","48/200","43","20","41","80","1",".240",".938","57"
"*06aw3*","JJ Wetherholt","STL","2B,SS","92","Rome","Reserve","23","@MIN Sun 2:10PM","80.1","99%","0%","62/246","44","9","28","48","7",".252",".749","64"
"*050w9*","Gunnar Henderson","BAL","SS","93","PAW","Active","24","SD Sun 1:35PM","79.69","100%","0%","66/295","39","14","33","80","6",".224",".711","70"
"*03oh0*","Willson Contreras","BOS","1B","94","MN","Active","34","TEX Sun 7:20PM","79.35","97%","0%","69/233","32","14","41","68","1",".296",".931","66"
"*03e5m*","Bryan Reynolds","PIT","OF","96","MN","Active","31","MIA Sun 12:15PM","79.31","98%","0%","67/253","45","7","41","66","5",".265",".809","71"
"*03nmw*","Ian Happ","CHC","OF","98","DOB","Active","31","@SF Sun 3:10PM","79.27","99%","0%","57/251","46","16","37","94","4",".227",".827","67"
"*04alp*","Ernie Clement","TOR","2B,3B,SS","99","DOB","Active","30","NYY Sun 1:37PM","79.24","93%","+1%","83/272","33","7","28","28","2",".305",".788","70"
"*04si3*","Brayan Rocchio","CLE","2B,SS","102","SUGA","Active","25","DET Sun 1:40PM","79.02","81%","-1%","61/223","28","5","32","33","12",".274",".752","69"
"*04hyc*","Ivan Herrera","STL","C","103","GOATS","Active","26","@MIN Sun 2:10PM","79.01","97%","0%","68/252","46","9","31","50","3",".270",".837","68"
"*02mzg*","Max Muncy","LAD","3B","105","45s","Active","35","@CHW Sun 2:10PM","78.48","96%","0%","58/213","46","16","28","59","0",".272",".912","65"
"*045qo*","Jazz Chisholm Jr.","NYY","2B,3B","111","45s","Active","28","@TOR Sun 1:37PM","77.86","99%","0%","55/240","34","9","29","77","18",".229",".710","66"
"*04yig*","Brooks Lee","MIN","2B,3B,SS","113","ALASKA","Active","25","STL Sun 2:10PM","77.61","83%","-1%","59/246","31","11","39","45","3",".240",".717","68"
"*03pit*","Trent Grisham","NYY","OF","114","PAW","Inj Res","29","@TOR Sun 1:37PM","77.52","89%","+1%","52/224","40","8","35","42","6",".232",".747","66"
"*041q8*","Brandon Marsh","PHI","OF","116","DOB","Active","28","@MIL Sun 2:10PM","77.34","89%","+1%","76/232","36","8","32","59","6",".328",".861","65"
"*04q2n*","Adley Rutschman","BAL","C","117","PAW","Active","28","SD Sun 1:35PM","77.24","98%","0%","50/185","26","8","40","29","0",".270",".841","51"
"*03ojr*","Vladimir Guerrero Jr.","TOR","1B","122","BOS","Active","27","NYY Sun 1:37PM","77.06","100%","0%","69/246","39","3","27","30","5",".280",".737","68"
"*05t9v*","Jonathan Aranda","TB","1B","124","SSP","Active","28","@LAA Sun 4:07PM","76.77","98%","0%","64/238","34","11","48","69","0",".269",".820","66"
"*0414g*","Luis Garcia Jr.","WSH","1B,2B","126","DOB","Active","26","SEA Sun 1:35PM","76.27","66%","+2%","56/215","28","9","43","34","2",".260",".755","65"
"*02c68*","Trea Turner","PHI","SS","127","BOS","Active","32","@MIL Sun 2:10PM","76.2","99%","0%","63/284","41","7","21","69","14",".222",".607","69"
"*0433b*","Ildemaro Vargas","ARI","1B,2B","129","AKR","Active","34","@CIN Sun 1:40PM","75.78","64%","-15%","60/221","31","7","37","22","1",".271",".733","60"
"*04y44*","Josh Jung","TEX","3B","130","SSP","Active","28","@BOS Sun 7:20PM","75.67","93%","0%","77/251","32","8","30","45","1",".307",".828","65"
"*04ydd*","Angel Martinez","CLE","2B,OF","134","ALASKA","Active","24","DET Sun 1:40PM","75.4","74%","-3%","54/226","28","11","33","53","9",".239",".719","66"
"*041qb*","Bo Bichette","NYM","3B,SS","136","KCP","Active","28","ATL Sun 1:40PM","75.07","98%","0%","66/280","34","8","40","52","1",".236",".644","70"
"*04pst*","Jarren Duran","BOS","OF","138","BOS","Active","29","TEX Sun 7:20PM","74.74","99%","0%","54/257","34","11","36","84","11",".210",".657","63"
"*05m49*","Jung Hoo Lee","SF","OF","141","PAW","Reserve","27","CHC Sun 3:10PM","74.44","87%","+5%","79/241","34","3","24","25","3",".328",".806","63"
"*060x1*","Wilyer Abreu","BOS","OF","142","SUGA","Active","26","TEX Sun 7:20PM","74.4","97%","0%","73/261","31","8","33","57","4",".280",".774","67"
"*04azv*","Jake Burger","TEX","1B","143","GOATS","Active","30","@BOS Sun 7:20PM","74.36","76%","-3%","62/250","32","12","42","71","1",".248",".747","68"
"*03pir*","Kyle Tucker","LAD","OF","145","KCP","Active","29","@CHW Sun 2:10PM","74.28","100%","0%","58/247","42","5","36","59","6",".235",".712","67"
"*05gsi*","Ceddanne Rafaela","BOS","2B,OF","146","AKR","Active","25","TEX Sun 7:20PM","74.28","93%","0%","68/234","29","7","32","52","7",".291",".804","66"
"*05gtn*","Tyler Soderstrom","ATH","1B,OF","147","ALASKA","Active","24","COL Sun 3:05PM","74.27","99%","0%","58/245","31","11","37","51","1",".237",".795","67"
"*04aee*","Jo Adell","LAA","OF","150","SUGA","Active","27","TB Sun 4:07PM","74.17","94%","-1%","69/277","33","10","39","69","3",".249",".684","71"
"*051ia*","Spencer Horwitz","PIT","1B","151","PAW","Active","28","MIA Sun 12:15PM","74.17","67%","0%","61/213","29","9","31","33","1",".286",".846","66"
"*0512e*","Spencer Steer","CIN","1B,2B,OF","153","SSP","Active","28","ARI Sun 1:40PM","74.02","92%","0%","59/235","41","10","26","56","3",".251",".763","67"
"*06aly*","Carson Benge","NYM","OF","155","PAW","Active","23","ATL Sun 1:40PM","73.91","91%","+1%","61/241","36","7","26","58","10",".253",".701","67"
"*05yb0*","T.J. Rumfield","COL","1B","157","ALASKA","Active","26","@ATH Sun 3:05PM","73.59","62%","-2%","66/237","29","8","32","40","0",".278",".809","69"
"*04t9b*","Michael Busch","CHC","1B","160","MN","Active","28","@SF Sun 3:10PM","73.19","96%","0%","64/253","31","8","42","70","2",".253",".794","70"
"*03wha*","Ronald Acuna Jr.","ATL","OF","162","AKR","Inj Res","28","@NYM Sun 1:40PM","73.06","100%","0%","49/195","31","7","22","52","15",".251",".793","53"
"*025gb*","Xander Bogaerts","SD","SS","166","MN","Active","33","@BAL Sun 1:35PM","72.71","86%","-4%","53/229","29","8","27","47","9",".231",".664","64"
"*06fzu*","Kazuma Okamoto","TOR","1B,3B","168","SUGA","Active","29","NYY Sun 1:37PM","72.62","96%","0%","58/251","34","15","41","92","0",".231",".753","69"
"*05rch*","Colson Montgomery","CHW","3B,SS","169","Rome","Active","24","LAD Sun 2:10PM","72.51","98%","0%","53/243","32","16","38","84","1",".218",".782","66"
"*03dgq*","Ryan O'Hearn","PIT","1B,OF","174","AKR","Active","32","MIA Sun 12:15PM","72.21","94%","0%","57/202","31","10","35","50","1",".282",".810","56"
"*04p10*","Bryson Stott","PHI","2B","175","SSP","Active","28","@MIL Sun 2:10PM","72.18","78%","-3%","51/221","20","6","33","43","12",".231",".674","64"
"*03zbh*","Fernando Tatis Jr.","SD","2B,OF","177","BOS","Active","27","@BAL Sun 1:35PM","71.84","99%","0%","73/262","27","2","22","63","16",".279",".693","67"
"*05uei*","Chase DeLauter","CLE","OF","181","BOS","Active","24","DET Sun 1:40PM","71.2","96%","-1%","63/240","24","7","34","36","2",".263",".745","66"
"*04pbq*","Geraldo Perdomo","ARI","SS","184","ALASKA","Active","26","@CIN Sun 1:40PM","71.09","97%","-1%","55/231","29","3","22","34","10",".238",".686","67"
"*0597k*","Nick Gonzales","PIT","2B,3B","186","MN","Active","27","MIA Sun 12:15PM","70.91","61%","0%","72/243","36","2","31","46","3",".296",".712","65"
"*04ppi*","Kody Clemens","MIN","1B,2B,OF","187","KCP","Active","30","STL Sun 2:10PM","70.72","57%","+9%","50/203","29","10","25","50","6",".246",".797","59"
"*0622w*","Chandler Simpson","TB","OF","189","Rome","Active","25","@LAA Sun 4:07PM","70.6","92%","-4%","65/243","32","0","12","29","14",".267",".622","65"
"*03aqw*","Mauricio Dubon","ATL","2B,3B,SS,OF","192","KCP","Active","31","@NYM Sun 1:40PM","70.53","76%","+1%","63/243","28","6","37","42","1",".259",".719","66"
"*04nb2*","Riley Greene","DET","OF","195","SUGA","Active","25","@CLE Sun 1:40PM","70.21","99%","0%","76/256","36","8","33","84","1",".297",".840","71"
"*03d6s*","Matt Chapman","SF","3B","197","SUGA","Active","33","CHC Sun 3:10PM","70.14","91%","+4%","67/258","33","6","37","62","0",".260",".747","70"
"*05ahe*","Curtis Mead","WSH","1B,3B","198","45s","Active","25","SEA Sun 1:35PM","70.09","67%","-2%","40/171","31","10","29","34","3",".234",".810","56"
"*04eig*","Jose Caballero","NYY","2B,3B,SS,OF","200","AKR","Active","29","@TOR Sun 1:37PM","69.8","85%","-2%","49/189","25","5","18","41","15",".259",".707","58"
"*05rbv*","Samuel Basallo","BAL","C","204","45s","Reserve","21","SD Sun 1:35PM","69.49","95%","0%","49/190","27","10","29","54","0",".258",".796","59"
"*051d0*","Troy Johnston","COL","1B,OF","206","DOB","Active","28","@ATH Sun 3:05PM","69.46","53%","+1%","71/225","27","2","30","45","4",".316",".802","66"
"*04071*","Isaac Paredes","HOU","3B","209","ALASKA","Active","27","@KC Sun 2:10PM","69.26","91%","0%","54/236","28","9","33","46","0",".229",".725","66"
"*05yaf*","Jacob Young","WSH","OF","211","AKR","Active","26","SEA Sun 1:35PM","69.25","34%","-2%","50/215","30","8","27","44","6",".233",".673","69"
"*05ub0*","Zack Gelof","ATH","2B,3B,OF","213","PAW","Reserve","26","COL Sun 3:05PM","69.16","64%","+1%","49/181","30","9","25","50","7",".271",".791","54"
"*05u3u*","Konnor Griffin","PIT","SS","214","SSP","Active","20","MIA Sun 12:15PM","68.92","98%","0%","51/189","30","4","22","56","14",".270",".729","51"
"*0648n*","Chase Meidroth","CHW","2B,SS","215","ALASKA","Active","24","LAD Sun 2:10PM","68.92","73%","0%","70/251","41","5","23","63","2",".279",".739","67"
"*05zh9*","Luke Keaschall","MIN","2B","217","Rome","Active","23","STL Sun 2:10PM","68.84","88%","-3%","57/234","30","2","23","42","10",".244",".641","66"
"*05g3x*","Maikel Garcia","KC","3B","220","Rome","Active","26","HOU Sun 2:10PM","68.79","98%","-1%","65/250","32","3","25","43","4",".260",".692","64"
"*02w7p*","Alex Bregman","CHC","3B","221","BOS","Active","32","@SF Sun 3:10PM","68.69","98%","0%","69/280","33","6","22","53","2",".246",".686","70"
"*065ji*","Jakob Marsee","MIA","OF","224","PAW","Active","24","@PIT Sun 12:15PM","68.62","88%","-1%","48/236","37","3","17","65","17",".203",".640","69"
"*05y7x*","Cole Young","SEA","2B","225","GOATS","Reserve","22","@WSH Sun 1:35PM","68.6","67%","-1%","68/261","30","5","32","55","2",".261",".688","72"
"*04nqx*","Ezequiel Duran","TEX","1B,2B,3B,SS,OF","226","45s","Active","27","@BOS Sun 7:20PM","68.57","74%","-1%","59/205","29","4","35","56","5",".288",".778","62"
"*03atq*","Willy Adames","SF","SS","227","KCP","Active","30","CHC Sun 3:10PM","68.53","95%","0%","64/276","34","11","29","82","1",".232",".702","69"
"*05184*","Vinnie Pasquantino","KC","1B","228","SUGA","Reserve","28","HOU Sun 2:10PM","68.51","95%","0%","57/254","28","6","32","51","3",".224",".660","68"
"*01svq*","Manny Machado","SD","3B","232","ALASKA","Active","33","@BAL Sun 1:35PM","68.39","99%","0%","44/247","32","12","35","61","1",".178",".620","66"
"*01u75*","Salvador Perez","KC","C,1B","238","DOB","Active","36","HOU Sun 2:10PM","68.04","91%","-3%","52/253","25","9","26","52","0",".206",".588","65"
"*05ua7*","Jackson Merrill","SD","OF","239","45s","Reserve","23","@BAL Sun 1:35PM","68.02","98%","0%","51/251","31","7","27","67","10",".203",".615","66"
"*01sy3*","Nolan Arenado","ARI","3B","241","KCP","Active","35","@CIN Sun 1:40PM","68.01","75%","-3%","53/218","30","8","31","52","2",".243",".734","66"
"*04pks*","Matt McLain","CIN","2B,SS","244","45s","Active","26","ARI Sun 1:40PM","67.86","81%","+2%","47/227","29","8","25","63","10",".207",".671","66"
"*04mn5*","Alec Bohm","PHI","3B","247","GOATS","Active","29","@MIL Sun 2:10PM","67.53","68%","-1%","54/243","20","8","34","39","1",".222",".636","66"
"*03qyv*","Jake McCarthy","COL","OF","248","AKR","Inj Res","28","@ATH Sun 3:05PM","67.53","57%","-1%","49/174","22","4","27","38","11",".282",".775","58"
"*04pmu*","Ryan Jeffers","MIN","C","251","ALASKA","Reserve","29","STL Sun 2:10PM","67.47","74%","-1%","36/122","26","7","26","23","1",".295",".949","37"
"*04eej*","Gavin Sheets","SD","1B,OF","252","MN","Active","30","@BAL Sun 1:35PM","67.47","62%","-6%","46/200","27","11","30","52","3",".230",".779","63"
"*026lz*","Josh Bell","MIN","1B","257","AKR","Active","33","STL Sun 2:10PM","67.01","46%","0%","57/250","32","7","40","65","1",".228",".647","69"
"*01ual*","Paul Goldschmidt","NYY","1B","260","SUGA","Active","38","@TOR Sun 1:37PM","66.84","54%","+5%","43/151","24","9","31","31","1",".285",".889","44"
"*04y95*","JJ Bleday","CIN","OF","261","DOB","Active","28","ARI Sun 1:40PM","66.71","82%","0%","41/155","23","11","29","33","2",".265",".912","41"
"*05161*","Dominic Canzone","SEA","OF","263","AKR","Active","28","@WSH Sun 1:35PM","66.55","52%","+7%","45/158","25","10","29","35","1",".285",".917","63"
"*05vy5*","Carter Jensen","KC","C","264","SSP","Active","22","HOU Sun 2:10PM","66.49","86%","0%","47/214","29","8","35","70","0",".220",".682","65"
"*02bu9*","Marcus Semien","NYM","2B","266","BOS","Active","35","ATL Sun 1:40PM","66.45","65%","-1%","55/252","26","8","25","58","6",".218",".618","70"
"*03pje*","Taylor Ward","BAL","OF","270","MN","Active","32","SD Sun 1:35PM","65.88","96%","0%","67/259","45","3","20","66","2",".259",".762","71"
"*05m1e*","Jackson Chourio","MIL","OF","271","Rome","Active","22","PHI Sun 2:10PM","65.83","100%","0%","47/148","26","8","25","40","5",".318",".921","34"
"*041ts*","Luke Raley","SEA","1B,OF","272","ALASKA","Reserve","31","@WSH Sun 1:35PM","65.8","63%","-3%","46/187","24","14","35","66","1",".246",".822","65"
"*0310z*","J.P. Crawford","SEA","SS","274","BOS","Reserve","31","@WSH Sun 1:35PM","65.66","54%","-5%","44/193","31","10","23","44","1",".228",".766","56"
"*04s1g*","Gabriel Moreno","ARI","C","278","SUGA","Active","26","@CIN Sun 1:40PM","65.37","76%","+4%","41/154","23","5","22","33","4",".266",".787","46"
"*03pom*","Austin Riley","ATL","3B","279","GOATS","Active","29","@NYM Sun 1:40PM","65.28","98%","-1%","52/253","31","8","34","82","4",".206",".639","70"
"*03ae8*","Dansby Swanson","CHC","SS","288","KCP","Active","32","@SF Sun 3:10PM","64.86","85%","-4%","39/221","38","7","28","64","6",".176",".595","67"
"*04g7n*","Oswald Peraza","LAA","2B,3B","290","45s","Reserve","25","TB Sun 4:07PM","64.82","37%","-1%","53/203","20","7","21","56","9",".261",".740","65"
"*05rb1*","Sal Frelick","MIL","OF","294","KCP","Active","26","PHI Sun 2:10PM","64.63","63%","-2%","48/210","26","3","25","25","5",".229",".613","65"
"*02bq2*","Brandon Nimmo","TEX","OF","295","PAW","Active","33","@BOS Sun 7:20PM","64.62","96%","-1%","66/260","28","7","23","61","2",".254",".729","68"
"*041e2*","Mickey Moniak","COL","OF","296","SUGA","Inj Res","28","@ATH Sun 3:05PM","64.55","92%","-1%","42/150","21","12","28","40","1",".280",".942","43"
"*030uc*","Rafael Devers","SF","1B","298","KCP","Active","29","CHC Sun 3:10PM","64.31","99%","0%","65/278","33","9","33","93","0",".234",".704","71"
"*03nru*","Jesus Sanchez","TOR","OF","300","AKR","Active","28","NYY Sun 1:37PM","64.16","46%","-1%","56/192","22","7","29","43","1",".292",".796","65"
"*02xic*","Teoscar Hernandez","LAD","OF","301","45s","Inj Res","33","@CHW Sun 2:10PM","64.11","95%","-1%","50/181","30","7","31","55","2",".276",".785","51"
"*042sz*","Will Smith","LAD","C","305","KCP","Reserve","31","@CHW Sun 2:10PM","63.95","97%","-1%","43/173","23","6","23","34","0",".249",".720","53"
"*03pzn*","Andres Gimenez","TOR","2B,SS","306","GOATS","Reserve","27","NYY Sun 1:37PM","63.93","62%","-4%","50/225","16","6","30","48","7",".222",".620","68"
"*04b02*","Seiya Suzuki","CHC","OF,UT","307","PAW","Active","31","@SF Sun 3:10PM","63.92","98%","0%","53/208","31","10","28","62","0",".255",".772","57"
"*06plc*","Sam Antonacci","CHW","2B,3B,SS,OF","308","PAW","Reserve","23","LAD Sun 2:10PM","63.9","73%","+1%","48/172","31","1","16","32","9",".279",".747","51"
"*060jo*","Cam Smith","HOU","OF","310","45s","Reserve","23","@KC Sun 2:10PM","63.78","76%","-2%","51/236","28","7","26","74","8",".216",".658","71"
"*03rmz*","Keibert Ruiz","WSH","C","315","DOB","Active","27","SEA Sun 1:35PM","63.6","63%","-1%","37/138","18","5","27","19","1",".268",".768","44"
"*03pzo*","Leody Taveras","BAL","OF","321","ALASKA","Active","27","SD Sun 1:35PM","62.85","22%","-2%","47/182","26","2","28","46","8",".258",".717","59"
"*04efa*","Daulton Varsho","TOR","OF","322","SSP","Active","29","NYY Sun 1:37PM","62.8","78%","-6%","54/211","27","5","17","45","5",".256",".738","64"
"*05gwy*","Masyn Winn","STL","SS","332","AKR","Active","24","@MIN Sun 2:10PM","61.73","61%","-1%","52/228","26","2","26","54","6",".228",".621","61"
"*0515v*","David Hamilton","MIL","2B,3B,SS","343","ALASKA","Active","28","PHI Sun 2:10PM","61.25","28%","+1%","38/166","29","3","11","41","14",".229",".635","57"
"*0423c*","Carlos Cortes","ATH","OF","348","Rome","Active","28","COL Sun 3:05PM","61.04","48%","-6%","49/160","16","6","19","17","1",".306",".882","56"
"*05u9q*","Jac Caglianone","KC","OF","351","Rome","Active","23","HOU Sun 2:10PM","60.86","92%","+4%","58/215","27","8","19","70","3",".270",".788","65"
"*05yj1*","Nolan Schanuel","LAA","1B","357","DOB","Reserve","24","TB Sun 4:07PM","60.55","52%","-1%","53/204","21","4","25","37","0",".260",".694","55"
"*03btu*","Willi Castro","COL","1B,2B,3B,SS,OF","360","BOS","Reserve","29","@ATH Sun 3:05PM","60.44","52%","+3%","54/203","28","3","22","57","5",".266",".704","60"
"*04en7*","Garrett Mitchell","MIL","OF","365","PAW","Reserve","27","PHI Sun 2:10PM","60.12","46%","-2%","46/183","29","4","33","75","6",".251",".770","58"
"*04yk2*","Spencer Torkelson","DET","1B","366","GOATS","Active","26","@CLE Sun 1:40PM","60.11","82%","-1%","49/234","25","11","28","90","0",".209",".718","70"
"*02mxf*","Carson Kelly","CHC","C","368","KCP","Active","31","@SF Sun 3:10PM","60.01","59%","-3%","46/166","21","3","19","32","0",".277",".722","52"
"*05mdt*","Evan Carter","TEX","OF","369","Rome","Reserve","23","@BOS Sun 7:20PM","59.84","63%","-2%","34/193","26","6","21","54","10",".176",".613","66"
"*03pdw*","Andrew Benintendi","CHW","OF","370","MN","Active","31","LAD Sun 2:10PM","59.82","26%","0%","46/199","27","7","31","61","1",".231",".693","63"
"*0622t*","Jacob Wilson","ATH","SS","371","SSP","Active","24","COL Sun 3:05PM","59.76","91%","0%","48/168","19","3","21","20","2",".286",".695","41"
"*02i11*","Jorge Soler","LAA","OF","372","DOB","Reserve","34","TB Sun 4:07PM","59.63","60%","-9%","47/214","28","9","33","76","0",".220",".702","59"
"*05y4b*","Caleb Durbin","BOS","3B","376","PAW","Reserve","26","TEX Sun 7:20PM","59.28","49%","0%","39/198","20","3","26","31","5",".197",".573","62"
"*025dn*","Christian Yelich","MIL","UT","380","BOS","Active","34","PHI Sun 2:10PM","59.05","98%","0%","43/154","32","4","22","49","5",".279",".775","39"
"*05zde*","Travis Bazzana","CLE","2B","388","Rome","Active","23","DET Sun 1:40PM","58.8","89%","0%","38/151","16","4","17","35","11",".252",".749","41"
"*04pr1*","Steven Kwan","CLE","OF","389","AKR","Reserve","28","DET Sun 1:40PM","58.78","84%","-2%","49/228","30","1","13","27","3",".215",".585","65"
"*05xtz*","Dalton Rushing","LAD","C","390","ALASKA","Active","25","@CHW Sun 2:10PM","58.75","71%","+7%","31/115","20","8","21","33","0",".270",".885","39"
"*024m0*","Jose Altuve","HOU","2B,OF","406","DOB","Active","36","@KC Sun 2:10PM","57.92","96%","0%","45/189","31","6","15","46","1",".238",".705","50"
"*05135*","Jake Mangum","PIT","OF","418","45s","Active","30","MIA Sun 12:15PM","57.34","25%","+2%","40/135","19","1","10","27","13",".296",".707","52"
"*041xv*","Nathaniel Lowe","CIN","1B","424","KCP","Reserve","30","ARI Sun 1:40PM","57.17","32%","-6%","37/150","16","9","25","40","0",".247",".822","53"
"*031t0*","Gleyber Torres","DET","2B","433","SUGA","Active","29","@CLE Sun 1:40PM","56.79","85%","0%","44/156","26","4","18","32","0",".282",".794","42"
"*04ppj*","Jeremy Pena","HOU","SS","434","45s","Active","28","@KC Sun 2:10PM","56.69","95%","0%","36/129","25","3","12","20","5",".279",".755","34"
"*03zcy*","Mark Vientos","NYM","1B,3B","443","SUGA","Reserve","26","ATL Sun 1:40PM","56.48","45%","-5%","42/198","19","7","27","47","0",".212",".609","58"
"*02mw6*","Corey Seager","TEX","SS","451","BOS","Reserve","32","@BOS Sun 7:20PM","56.35","97%","0%","33/177","25","9","24","54","1",".186",".657","47"
"*04efc*","Tyler Freeman","COL","OF","455","KCP","Reserve","27","@ATH Sun 3:05PM","56.19","18%","-2%","39/143","16","3","18","19","5",".273",".725","44"
"*05js5*","Coby Mayo","BAL","1B,3B","465","SSP","Active","24","SD Sun 1:35PM","55.85","46%","0%","35/179","25","9","26","63","1",".196",".646","58"
"*01t9q*","Gary Sanchez","MIL","C","469","MN","Reserve","33","PHI Sun 2:10PM","55.71","25%","-1%","24/106","20","7","19","26","0",".226",".855","40"
"*04mra*","Ezequiel Tovar","COL","SS","475","SUGA","Reserve","24","@ATH Sun 3:05PM","55.45","59%","-2%","49/232","20","5","23","70","4",".211",".591","67"
"*062ho*","Javier Sanoja","MIA","2B,3B,OF,RP","477","MN","Active","23","@PIT Sun 12:15PM","55.26","18%","0%","39/153","12","2","24","18","3",".255",".671","54"
"*04nky*","Trevor Larnach","MIN","OF,UT","478","GOATS","Active","29","STL Sun 2:10PM","55.19","35%","-2%","43/173","29","3","17","42","2",".249",".730","58"
"*04e2u*","Brent Rooker","ATH","OF,UT","483","DOB","Reserve","31","COL Sun 3:05PM","55.08","96%","-1%","36/180","20","10","29","65","2",".200",".670","48"
"*059bx*","Brady House","WSH","3B","485","45s","Reserve","23","SEA Sun 1:35PM","54.91","47%","-1%","37/163","22","7","25","50","1",".227",".681","44"
"*04yib*","Brett Baty","NYM","1B,2B,3B,OF","486","DOB","Reserve","26","ATL Sun 1:40PM","54.86","47%","-3%","47/210","24","3","25","65","3",".224",".608","67"
"*025he*","George Springer","TOR","OF","488","GOATS","Active","36","NYY Sun 1:37PM","54.76","89%","-2%","38/187","21","6","16","41","3",".203",".653","49"
"*06bs4*","Daniel Schneemann","CLE","2B,3B,OF","491","MN","Reserve","29","DET Sun 1:40PM","54.57","29%","-5%","41/179","21","5","22","56","4",".229",".663","56"
"*025i9*","J.T. Realmuto","PHI","C","506","BOS","Active","35","@MIL Sun 2:10PM","53.99","52%","-2%","33/157","15","4","15","34","3",".210",".606","48"
"*05y30*","Justin Crawford","PHI","OF","511","Rome","Reserve","22","@MIL Sun 2:10PM","53.75","63%","-2%","44/194","18","2","13","44","8",".227",".610","65"
"*05ras*","Colton Cowser","BAL","OF","517","KCP","Active","26","SD Sun 1:35PM","53.59","64%","+1%","32/145","23","7","23","48","2",".221",".698","62"
"*04up9*","Heriberto Hernandez","MIA","OF","523","DOB","Active","26","@PIT Sun 12:15PM","53.1","19%","-1%","30/127","13","5","25","33","5",".236",".688","44"
"*02btf*","Mookie Betts","LAD","SS","531","KCP","Active","33","@CHW Sun 2:10PM","52.69","99%","0%","28/143","21","6","17","20","0",".196",".611","36"
"*04y94*","Jonny DeLuca","TB","OF","533","ALASKA","Reserve","27","@LAA Sun 4:07PM","52.67","14%","0%","32/119","17","2","19","26","6",".269",".710","41"
"*05jsg*","Owen Caissie","MIA","OF","539","ALASKA","Active","23","@PIT Sun 12:15PM","52.39","57%","-2%","36/168","19","6","35","75","3",".214",".656","62"
"*05r9j*","Marcelo Mayer","BOS","2B,3B,SS","540","Rome","Reserve","23","TEX Sun 7:20PM","52.36","56%","-1%","39/177","18","3","17","35","3",".220",".591","61"
"*05rbs*","Moises Ballesteros","CHC","UT","541","AKR","Active","22","@SF Sun 3:10PM","52.31","58%","-2%","35/150","15","6","23","34","1",".233",".690","56"
"*031dw*","Mike Yastrzemski","ATL","OF","546","MN","Active","35","@NYM Sun 1:40PM","52.09","24%","-1%","41/175","26","3","18","47","1",".234",".668","64"
"*051em*","Kerry Carpenter","DET","OF","547","Rome","Reserve","28","@CLE Sun 1:40PM","52.04","72%","+1%","32/135","15","9","26","49","0",".237",".805","48"
"*02i2q*","Carlos Correa","HOU","3B,SS","548","DOB","Inj Res","31","@KC Sun 2:10PM","52.02","54%","-1%","34/122","22","3","16","26","1",".279",".787","33"
"*05rfu*","Kyle Manzardo","CLE","1B","549","DOB","Reserve","25","DET Sun 1:40PM","52","53%","-1%","45/188","23","7","22","69","0",".239",".726","62"
"*0317o*","Jeff McNeil","ATH","2B,OF","552","BOS","Active","34","COL Sun 3:05PM","51.98","33%","-3%","47/203","15","2","15","32","1",".232",".609","63"
"*03avk*","Luis Rengifo","MIL","2B,3B","554","MN","Reserve","29","PHI Sun 2:10PM","51.89","17%","-1%","37/181","18","0","19","24","3",".204",".535","57"
"*04si2*","Andrew Vaughn","MIL","1B","562","DOB","Active","28","PHI Sun 2:10PM","51.62","64%","0%","34/93","14","2","18","10","0",".366",".986","31"
"*04aq4*","Adolis Garcia","PHI","OF","565","SSP","Active","33","@MIL Sun 2:10PM","51.61","60%","-3%","45/231","21","7","21","84","3",".195",".599","67"
"*03whq*","Ty France","SD","1B","568","DOB","Reserve","31","@BAL Sun 1:35PM","51.49","11%","-1%","34/132","15","6","18","36","1",".258",".772","48"
"*0310n*","Ryan McMahon","NYY","3B","569","BOS","Active","31","@TOR Sun 1:37PM","51.45","27%","-1%","36/171","17","7","21","58","3",".211",".631","63"
"*04ee8*","Heliot Ramos","SF","OF","572","GOATS","Active","26","CHC Sun 3:10PM","51.3","72%","-1%","44/165","19","4","20","47","0",".267",".731","44"
"*05jrh*","Colt Keith","DET","2B,3B","578","GOATS","Active","24","@CLE Sun 1:40PM","51.02","52%","-3%","49/191","24","1","10","42","3",".257",".634","65"
"*03pix*","Tyler Stephenson","CIN","C","582","BOS","Reserve","29","ARI Sun 1:40PM","50.77","35%","-1%","35/171","12","5","19","53","0",".205",".633","56"
"*051dl*","Edouard Julien","COL","1B,2B","583","BOS","Reserve","27","@ATH Sun 3:05PM","50.72","15%","0%","38/167","23","2","17","52","4",".228",".630","60"
"*05tce*","Connor Norby","MIA","1B,3B","584","ALASKA","Reserve","26","@PIT Sun 12:15PM","50.69","35%","-2%","38/181","17","4","16","61","6",".210",".666","58"
"*0516n*","Isaac Collins","KC","OF","586","MN","Active","28","HOU Sun 2:10PM","50.61","25%","-1%","41/191","23","3","17","59","3",".215",".640","62"
"*04y97*","Kyle Stowers","MIA","OF","594","BOS","Active","28","@PIT Sun 12:15PM","50.06","86%","-2%","38/176","21","5","21","59","1",".216",".680","48"
"*04eew*","Ryan Vilade","TB","1B,OF","597","GOATS","Active","27","@LAA Sun 4:07PM","50","10%","+2%","30/103","10","3","23","22","3",".291",".803","41"
"*04ai4*","Nolan Gorman","STL","2B,3B","600","KCP","Reserve","26","@MIN Sun 2:10PM","49.93","43%","-3%","39/201","19","7","26","74","0",".194",".598","62"
"*04q56*","Logan O'Hoppe","LAA","C","601","Rome","Reserve","26","TB Sun 4:07PM","49.91","43%","-1%","32/145","16","3","17","39","0",".221",".620","47"
"*04my4*","Cal Raleigh","SEA","C","604","BOS","Inj Res","29","@WSH Sun 1:35PM","49.84","99%","0%","26/161","16","7","18","57","2",".161",".560","42"
"*05u96*","Bryce Eldridge","SF","UT","619","Rome","Active","21","CHC Sun 3:10PM","48.97","80%","+6%","32/101","18","5","13","25","0",".317",".956","30"
"*04z6m*","Agustin Ramirez","MIA","C","621","GOATS","Reserve","24","@PIT Sun 12:15PM","48.92","66%","-1%","26/113","14","2","14","28","3",".230",".663","31"
"*04qnc*","Francisco Alvarez","NYM","C","622","Rome","Reserve","24","ATL Sun 1:40PM","48.91","62%","+2%","30/126","13","5","12","34","0",".238",".704","41"
"*0513c*","Joey Ortiz","MIL","SS","623","BOS","Reserve","27","PHI Sun 2:10PM","48.88","20%","-1%","29/142","18","1","14","27","5",".204",".559","59"
"*04aeb*","Royce Lewis","MIN","3B","630","MN","Active","27","STL Sun 2:10PM","48.41","70%","+4%","27/130","15","6","17","41","3",".208",".675","38"
"*04prt*","Lawrence Butler","ATH","OF","645","Rome","Reserve","25","COL Sun 3:05PM","47.4","59%","-3%","29/167","19","4","17","49","4",".174",".531","63"
"*04z8z*","Yohendrick Pinango","TOR","OF","650","AKR","Active","24","NYY Sun 1:37PM","47.22","19%","0%","35/117","9","4","18","28","0",".299",".797","39"
"*04z6k*","Luisangel Acuna","CHW","2B,SS,OF","654","ALASKA","Reserve","24","LAD Sun 2:10PM","46.87","28%","0%","23/115","13","0","7","21","12",".200",".465","50"
"*02bqh*","Trevor Story","BOS","SS","656","MN","Reserve","33","TEX Sun 7:20PM","46.83","61%","-2%","34/165","16","3","19","57","4",".206",".547","41"
"*02jh6*","Eugenio Suarez","CIN","3B","690","BOS","Active","34","ARI Sun 1:40PM","45.29","90%","-3%","33/154","14","5","18","52","0",".214",".633","44"
"*063vu*","Matt Shaw","CHC","3B,OF","703","SUGA","Reserve","24","@SF Sun 3:10PM","44.79","55%","0%","24/98","10","3","12","19","3",".245",".697","45"
"*05rc3*","Masataka Yoshida","BOS","UT","708","GOATS","Reserve","32","TEX Sun 7:20PM","44.57","15%","-1%","31/130","14","1","10","17","1",".238",".652","46"
"*0524l*","Yainer Diaz","HOU","C","711","MN","Reserve","27","@KC Sun 2:10PM","44.5","61%","-1%","24/101","7","2","14","16","0",".238",".601","27"
"*05xu1*","Alex Freeland","LAD","2B,3B","713","SSP","Active","24","@CHW Sun 2:10PM","44.42","25%","-1%","31/134","17","3","14","41","1",".231",".656","48"
"*05xty*","Dylan Beavers","BAL","OF","722","SSP","Active","24","SD Sun 1:35PM","44.17","52%","0%","25/103","16","2","12","28","3",".243",".699","33"
"*0513l*","Brenton Doyle","COL","OF","737","GOATS","Reserve","28","@ATH Sun 3:05PM","43.37","40%","-1%","23/111","21","1","4","40","9",".207",".549","43"
"*060ub*","Colt Emerson","SEA","3B,SS","739","Rome","Active","20","@WSH Sun 1:35PM","43.18","81%","0%","17/73","12","6","14","24","0",".233",".884","23"
"*05ahg*","Austin Wells","NYY","C","751","ALASKA","Reserve","26","@TOR Sun 1:37PM","42.22","38%","-4%","24/145","15","4","7","45","0",".166",".533","47"
"*060pm*","Wyatt Langford","TEX","OF","752","KCP","Active","24","@BOS Sun 7:20PM","42.2","97%","0%","27/112","13","2","7","27","3",".241",".655","28"
"*04pse*","Brendan Donovan","SEA","2B,3B","756","BOS","Inj Res","29","@WSH Sun 1:35PM","42.06","85%","-1%","23/84","9","3","8","15","1",".274",".839","26"
"*05t9l*","Max Muncy","ATH","2B,3B","757","45s","Active","23","COL Sun 3:05PM","42","47%","-1%","25/107","17","2","11","39","2",".234",".683","30"
"*04emt*","Jake Meyers","HOU","OF","768","KCP","Reserve","29","@KC Sun 2:10PM","41.45","18%","-1%","23/104","12","3","10","22","1",".221",".627","35"
"*06dn7*","A.J. Ewing","NYM","OF","770","45s","Reserve","21","ATL Sun 1:40PM","41.26","62%","-3%","25/100","12","1","7","36","7",".250",".657","30"
"*066cn*","Wade Meckler","LAA","OF","778","PAW","Reserve","26","TB Sun 4:07PM","41.11","26%","+4%","18/59","10","2","12","13","2",".305",".870","19"
"*02611*","Francisco Lindor","NYM","SS","783","GOATS","Reserve","32","ATL Sun 1:40PM","40.82","99%","0%","21/93","14","2","5","19","2",".226",".669","24"
"*05y7t*","Henry Bolte","ATH","OF","792","PAW","Active","22","COL Sun 3:05PM","40.48","49%","-3%","27/87","8","1","7","29","5",".310",".781","28"
"*05rcd*","Joe Mack","MIA","C","793","SUGA","Active","23","@PIT Sun 12:15PM","40.46","34%","0%","22/93","11","1","13","30","0",".237",".595","30"
"*06am0*","Mickey Gasper","BOS","C","798","MN","Active","30","TEX Sun 7:20PM","40.23","10%","-1%","23/84","11","0","6","19","0",".274",".671","26"
"*06dlz*","Ryan Waldschmidt","ARI","OF","806","SUGA","Active","23","@CIN Sun 1:40PM","39.92","67%","-6%","29/112","11","0","8","40","5",".259",".671","33"
"*05ybv*","Jackson Holliday","BAL","2B","807","Rome","Active","22","SD Sun 1:35PM","39.78","91%","-1%","14/69","11","3","11","22","3",".203",".664","22"
"*047l7*","Luis Robert Jr.","NYM","OF","808","SUGA","Inj Res","28","ATL Sun 1:40PM","39.69","78%","-1%","19/85","10","2","8","17","2",".224",".656","24"
"*01cdf*","Giancarlo Stanton","NYY","OF,UT","809","GOATS","Reserve","36","@TOR Sun 1:37PM","39.68","75%","-1%","23/90","8","3","14","29","1",".256",".724","24"
"*04y9p*","Anthony Volpe","NYY","SS","815","GOATS","Active","25","@TOR Sun 1:37PM","39.53","56%","-3%","13/67","11","1","9","17","5",".194",".606","21"
"*03qjv*","Harrison Bader","SF","OF","821","MN","Reserve","32","CHC Sun 3:10PM","39.04","23%","-1%","18/106","10","5","14","34","0",".170",".557","30"
"*026mn*","Javier Baez","DET","3B,SS,OF","825","MN","Inj Res","33","@CLE Sun 1:40PM","38.83","23%","-1%","20/78","10","2","6","16","1",".256",".678","24"
"*02yk4*","Tyler O'Neill","BAL","OF","828","BOS","Active","30","SD Sun 1:35PM","38.62","22%","-1%","23/121","15","2","8","36","1",".190",".566","44"
"*0596e*","Dylan Crews","WSH","OF","829","KCP","Reserve","24","SEA Sun 1:35PM","38.6","70%","-3%","15/78","9","3","9","17","2",".192",".561","22"
"*05u9z*","Roman Anthony","BOS","OF","839","KCP","Reserve","22","TEX Sun 7:20PM","37.98","97%","0%","25/109","12","1","5","33","2",".229",".675","30"
"*03nri*","Lourdes Gurriel Jr.","ARI","OF","841","KCP","Reserve","32","@CIN Sun 1:40PM","37.75","29%","-1%","21/92","7","1","11","19","1",".228",".589","25"
"*052ru*","Josh Smith","TEX","1B,2B,3B,SS","875","GOATS","Reserve","28","@BOS Sun 7:20PM","35.67","29%","0%","20/92","6","0","6","20","2",".217",".563","31"
"*03qmh*","Jake Cronenworth","SD","2B","891","BOS","Reserve","32","@BAL Sun 1:35PM","34.57","30%","0%","14/97","13","1","4","23","1",".144",".468","32"
"*04qnd*","Noelvi Marte","CIN","3B,OF","892","KCP","Active","24","ARI Sun 1:40PM","34.55","69%","-2%","11/51","6","2","2","14","4",".216",".626","19"
"*0516g*","Ryan Ward","LAD","1B,OF","898","MN","Reserve","28","@CHW Sun 2:10PM","34.26","20%","+8%","8/35","6","3","11","11","0",".229",".813","12"
"*04mrn*","Bo Naylor","CLE","C","911","MN","Reserve","26","DET Sun 1:40PM","33.52","17%","0%","12/84","4","2","7","21","0",".143",".438","28"
"*04nx3*","Jonathan India","KC","2B,3B,OF","919","AKR","Inj Res","29","HOU Sun 2:10PM","33.24","32%","-1%","8/48","8","2","8","13","0",".167",".623","17"
"*05jse*","Tommy Troy","ARI","2B,OF","934","SSP","Active","24","@CIN Sun 1:40PM","32.52","36%","-2%","12/54","10","1","1","12","0",".222",".637","18"
"*05yc9*","Braxton Fulford","COL","C","936","KCP","Reserve","27","@ATH Sun 3:05PM","32.41","3%","0%","6/27","7","1","4","12","3",".222",".661","18"
"*05r1m*","Jordan Lawlar","ARI","3B","938","AKR","Active","23","@CIN Sun 1:40PM","32.27","71%","+3%","8/22","4","1","4","7","3",".364",".985","7"
"*070bf*","Sung Mun Song","SD","2B,3B","951","SUGA","Reserve","29","@BAL Sun 1:35PM","31.8","22%","-1%","8/42","5","0","4","11","4",".190",".506","23"
"*04pt2*","Lars Nootbaar","STL","OF","957","SSP","Reserve","28","@MIN Sun 2:10PM","31.35","51%","+3%","7/28","5","2","5","7","0",".250",".899","8"
"*050c3*","Jasson Dominguez","NYY","OF","966","AKR","Active","23","@TOR Sun 1:37PM","31.11","72%","+2%","7/34","4","2","5","5","0",".206",".691","10"
"*04t3y*","Alejandro Kirk","TOR","C","969","AKR","Active","27","NYY Sun 1:37PM","30.86","67%","+3%","6/23","3","1","4","2","0",".261",".824","6"
"*066db*","Zach Cole Jr.","HOU","OF","975","ALASKA","Minors","25","@KC Sun 2:10PM","30.59","15%","-1%","8/51","4","3","8","21","0",".157",".542","19"
"*04yi8*","Spencer Jones","NYY","OF","995","GOATS","Minors","25","@TOR Sun 1:37PM","29.2","60%","0%","10/42","2","1","5","19","1",".238",".652","16"
"*05vy9*","Pedro Ramirez","CHC","2B,3B,SS","996","SSP","Reserve","22","@SF Sun 3:10PM","29.17","29%","-2%","7/28","3","1","2","3","0",".250",".751","12"
"*05tzp*","Jacob Gonzalez","CHW","1B,2B,SS","999","PAW","Reserve","24","LAD Sun 2:10PM","28.79","41%","-2%","8/33","3","1","5","12","0",".242",".675","11"
"*06434*","Jimmy Crooks","STL","C","1007","PAW","Reserve","24","@MIN Sun 2:10PM","28.25","19%","-2%","5/25","2","1","4","8","0",".200",".646","8"
"*0641c*","Zach Dezenzo","HOU","OF","1013","ALASKA","Reserve","26","@KC Sun 2:10PM","27.99","6%","-1%","9/47","5","1","2","19","0",".191",".595","21"
"*066eo*","Cole Carrigg","COL","OF","1017","ALASKA","Minors","24","@ATH Sun 3:05PM","27.89","49%","+15%","4/19","2","2","4","5","0",".211",".882","5"
"*04nq4*","Blaze Jordan","STL","1B,3B","1030","DOB","Active","23","@MIN Sun 2:10PM","27.47","39%","+12%","4/8","2","1","4","2","0",".500","1.625","2"
"*02h98*","Enrique Hernandez","LAD","1B,3B,OF","1031","KCP","Inj Res","34","@CHW Sun 2:10PM","27.44","6%","0%","4/4","2","1","2","0","0","1.000","3.250","2"
"*05rcg*","Braden Montgomery","CHW","OF","1033","SUGA","Active","23","LAD Sun 2:10PM","27.3","72%","+15%","4/15","3","1","4","4","0",".267",".912","4"
"*04fyo*","Ronny Mauricio","NYM","3B","1041","BOS","Reserve","25","ATL Sun 1:40PM","26.86","18%","0%","7/32","3","1","2","12","0",".219",".531","10"
"*05m1b*","Denzer Guzman","LAA","SS","1043","KCP","Minors","22","TB Sun 4:07PM","26.62","17%","+1%","4/18","1","0","4","2","1",".222",".500","4"
"*06f0z*","Charles McAdoo","TOR","3B","1055","PAW","Reserve","24","NYY Sun 1:37PM","26.21","11%","-2%","4/20","2","1","3","5","0",".200",".550","6"
"*06dn6*","CJ Kayfus","CLE","OF","1058","AKR","Reserve","24","DET Sun 1:40PM","26.17","19%","0%","4/22","4","1","2","8","0",".182",".644","9"
"*05ajg*","Ha-seong Kim","ATL","SS","1060","MN","Active","30","@NYM Sun 1:40PM","26.11","23%","-2%","5/56","4","0","3","14","1",".089",".267","17"
"*05j8u*","Jhostynxon Garcia","PIT","OF","1063","ALASKA","Minors","23","MIA Sun 12:15PM","25.91","30%","-2%","7/35","2","0","2","10","0",".200",".472","13"
"*05rbw*","Esmerlyn Valdez","PIT","OF","1068","PAW","Reserve","22","MIA Sun 12:15PM","25.67","29%","0%","2/19","2","2","5","10","0",".105",".612","7"
"*05rcj*","Edwin Arroyo","CIN","2B,SS","1080","KCP","Minors","22","ARI Sun 1:40PM","25.11","41%","-9%","6/24","1","0","2","10","0",".250",".571","11"
"*05yj5*","LuJames Groover","ARI","3B","1082","SUGA","Reserve","24","@CIN Sun 1:40PM","25.01","20%","0%","5/22","0","0","2","4","0",".227",".519","6"
"*03pjl*","Ryan Mountcastle","BAL","1B","1088","BOS","Reserve","29","SD Sun 1:35PM","24.61","15%","0%","4/14","0","0","1","2","0",".286",".690","8"
"*0518m*","Jase Bowen","SD","OF","1107","DOB","Active","25","@BAL Sun 1:35PM","23.98","5%","-2%","3/21","2","0","0","8","2",".143",".325","8"
"*04qii*","Addison Barger","TOR","3B,OF","1138","SSP","Active","26","NYY Sun 1:37PM","22.64","70%","-1%","1/22","2","0","2","7","0",".045",".305","10"
"*05rcs*","Gabriel Gonzalez","MIN","OF","1150","SSP","Reserve","22","STL Sun 2:10PM","22.07","20%","0%","1/2","1","0","0","0","0",".500","1.250","1"
"*04qow*","Kevin Alcantara","CHC","OF","1172","GOATS","Minors","23","@SF Sun 3:10PM","21.39","33%","-1%","1/9","1","0","0","4","0",".111",".311","12"
"*05gss*","Jeferson Quero","MIL","C","1181","SUGA","Reserve","23","PHI Sun 2:10PM","20.93","27%","0%","0/1","0","0","0","0","0",".000",".500","1"
"*06hth*","Josh Adamczewski","MIL","SS","1236","45s","Minors","21","PHI Sun 2:10PM","0","18%","0%","0/0","0","0","0","0","0","0",".000","0"
"*06582*","Luke Adams","MIL","1B,3B","1242","BOS","Minors","22","PHI Sun 2:10PM","0","14%","0%","0/0","0","0","0","0","0","0",".000","0"
"*06psn*","Kevin Alvarez","HOU","OF","1340","AKR","Minors","18","@KC Sun 2:10PM","0","27%","0%","0/0","0","0","0","0","0","0",".000","0"
"*06c78*","Franklin Arias","BOS","SS","1422","SUGA","Minors","20","TEX Sun 7:20PM","0","48%","0%","0/0","0","0","0","0","0","0",".000","0"
"*06pg6*","Aiva Arquette","MIA","SS","1444","SUGA","Minors","22","@PIT Sun 12:15PM","0","38%","0%","0/0","0","0","0","0","0","0",".000","0"
"*05yid*","Michael Arroyo","SEA","2B","1451","45s","Minors","21","@WSH Sun 1:35PM","0","36%","0%","0/0","0","0","0","0","0","0",".000","0"
"*071wa*","Wandy Asigen","NYM","SS","1461","SSP","Minors","16","ATL Sun 1:40PM","0","25%","0%","0/0","0","0","0","0","0","0",".000","0"
"*05rcf*","Joshua Baez","STL","OF","1494","45s","Reserve","22","@MIN Sun 2:10PM","0","53%","0%","0/0","0","0","0","0","0","0",".000","0"
"*06ps3*","Yorger Bautista","SEA","OF","1579","Rome","Minors","18","@WSH Sun 1:35PM","0","18%","0%","0/0","0","0","0","0","0","0",".000","0"
"*05yed*","Eric Bitonti","MIL","1B","1677","SUGA","Minors","20","PHI Sun 2:10PM","0","11%","0%","0/0","0","0","0","0","0","0",".000","0"
"*06hea*","Caleb Bonemer","CHW","3B,SS","1717","PAW","Minors","20","LAD Sun 2:10PM","0","43%","0%","0/0","0","0","0","0","0","0",".000","0"
"*05jre*","Enrique Bradfield Jr.","BAL","OF","1754","BOS","Minors","24","SD Sun 1:35PM","0","22%","0%","0/0","0","0","0","0","0","0",".000","0"
"*0637j*","Josue Briceno","DET","C,1B","1786","PAW","Minors","21","@CLE Sun 1:40PM","0","41%","0%","0/0","0","0","0","0","0","0",".000","0"
"*06kui*","Roldy Brito","COL","2B,OF","1803","KCP","Minors","19","@ATH Sun 3:05PM","0","20%","0%","0/0","0","0","0","0","0","0",".000","0"
"*066mx*","Starlyn Caba","MIA","SS","1890","AKR","Minors","20","@PIT Sun 12:15PM","0","13%","0%","0/0","0","0","0","0","0","0",".000","0"
"*06mmx*","Juneiker Caceres","CLE","OF","1914","SUGA","Minors","18","DET Sun 1:40PM","0","19%","+1%","0/0","0","0","0","0","0","0",".000","0"
"*06f0q*","Kristian Campbell","BOS","2B","1950","MN","Reserve","23","TEX Sun 7:20PM","0","48%","-1%","0/0","0","0","0","0","0","0",".000","0"
"*06alq*","Billy Carlson","CHW","SS","1990","SSP","Minors","19","LAD Sun 2:10PM","0","27%","0%","0/0","0","0","0","0","0","0",".000","0"
"*04de1*","Triston Casas","BOS","1B","2023","SUGA","Inj Res","26","TEX Sun 7:20PM","0","41%","0%","0/0","0","0","0","0","0","0",".000","0"
"*05mx9*","Felnin Celesten","SEA","SS","2088","Rome","Minors","20","@WSH Sun 1:35PM","0","32%","0%","0/0","0","0","0","0","0","0",".000","0"
"*066mn*","Yoeilin Cespedes","BOS","2B","2109","DOB","Minors","20","TEX Sun 7:20PM","0","12%","0%","0/0","0","0","0","0","0","0",".000","0"
"*05yix*","Jaison Chourio","CLE","OF","2154","SUGA","Minors","21","DET Sun 1:40PM","0","29%","0%","0/0","0","0","0","0","0","0",".000","0"
"*05u9y*","Max Clark","DET","OF","2176","SUGA","Reserve","21","@CLE Sun 1:40PM","0","62%","0%","0/0","0","0","0","0","0","0",".000","0"
"*05ge1*","Ryan Clifford","NYM","1B,OF","2188","AKR","Reserve","22","ATL Sun 1:40PM","0","33%","0%","0/0","0","0","0","0","0","0",".000","0"
"*05u1y*","Cam Collier","CIN","1B,3B","2209","KCP","Minors","21","ARI Sun 1:40PM","0","34%","0%","0/0","0","0","0","0","0","0",".000","0"
"*06alk*","Charlie Condon","COL","1B","2224","ALASKA","Minors","23","@ATH Sun 3:05PM","0","59%","0%","0/0","0","0","0","0","0","0",".000","0"
"*06pll*","Ethan Conrad","CHC","OF","2231","KCP","Minors","21","@SF Sun 3:10PM","0","36%","0%","0/0","0","0","0","0","0","0",".000","0"
"*06o8q*","Ronny Cruz","WSH","SS","2343","GOATS","Minors","19","SEA Sun 1:35PM","0","21%","0%","0/0","0","0","0","0","0","0",".000","0"
"*06hx4*","Kaelen Culpepper","MIN","SS","2358","SSP","Reserve","23","STL Sun 2:10PM","0","47%","+1%","0/0","0","0","0","0","0","0",".000","0"
"*067z9*","Kayson Cunningham","ARI","SS","2365","BOS","Minors","20","@CIN Sun 1:40PM","0","24%","0%","0/0","0","0","0","0","0","0",".000","0"
"*06r9b*","Johan De Los Santos","PIT","2B,SS","2483","Rome","Reserve","17","MIA Sun 12:15PM","0","14%","0%","0/0","0","0","0","0","0","0",".000","0"
"*061zv*","Josue De Paula","LAD","OF","2490","ALASKA","Minors","21","@CHW Sun 2:10PM","0","54%","0%","0/0","0","0","0","0","0","0",".000","0"
"*067yc*","Leo De Vries","ATH","SS","2495","Rome","Reserve","19","COL Sun 3:05PM","0","63%","0%","0/0","0","0","0","0","0","0",".000","0"
"*066j0*","JD Dix","ARI","2B","2576","SUGA","Reserve","20","@CIN Sun 1:40PM","0","14%","0%","0/0","0","0","0","0","0","0",".000","0"
"*06yd4*","Sebastian Dos Santos","STL","SS","2600","Rome","Reserve","18","@MIN Sun 2:10PM","0","10%","0%","0/0","0","0","0","0","0","0",".000","0"
"*06626*","Alfredo Duno","CIN","C","2641","AKR","Reserve","20","ARI Sun 1:40PM","0","40%","0%","0/0","0","0","0","0","0","0",".000","0"
"*041sq*","Tommy Edman","LAD","2B,OF","2675","DOB","Inj Res","31","@CHW Sun 2:10PM","0","44%","0%","0/0","0","0","0","0","0","0",".000","0"
"*06423*","Aroon Escobar","PHI","2B","2716","SSP","Minors","21","@MIL Sun 2:10PM","0","18%","0%","0/0","0","0","0","0","0","0",".000","0"
"*066sx*","Jonny Farmelo","SEA","OF","2773","Rome","Minors","21","@WSH Sun 1:35PM","0","32%","0%","0/0","0","0","0","0","0","0",".000","0"
"*05g3k*","Yanquiel Fernandez","NYY","OF","2811","BOS","Reserve","23","@TOR Sun 1:37PM","0","7%","0%","0/0","0","0","0","0","0","0",".000","0"
"*06qyu*","Gavin Fien","WSH","3B,SS","2823","SSP","Minors","19","SEA Sun 1:35PM","0","27%","0%","0/0","0","0","0","0","0","0",".000","0"
"*06nv7*","Victor Figueroa","BAL","1B","2832","DOB","Minors","22","SD Sun 1:35PM","0","7%","0%","0/0","0","0","0","0","0","0",".000","0"
"*06k7t*","Andrew Fischer","MIL","3B","2837","PAW","Minors","22","PHI Sun 2:10PM","0","39%","0%","0/0","0","0","0","0","0","0",".000","0"
"*06p5z*","Devin Fitz-Gerald","WSH","SS","2843","AKR","Minors","20","SEA Sun 1:35PM","0","29%","0%","0/0","0","0","0","0","0","0",".000","0"
"*06mh4*","Edward Florentino","PIT","OF","2859","SUGA","Minors","19","MIA Sun 12:15PM","0","47%","0%","0/0","0","0","0","0","0","0",".000","0"
"*05raw*","Harry Ford","WSH","C","2887","AKR","Reserve","23","SEA Sun 1:35PM","0","40%","0%","0/0","0","0","0","0","0","0",".000","0"
"*05r5e*","Angel Genao","CLE","3B,SS","3055","AKR","Reserve","22","DET Sun 1:40PM","0","33%","0%","0/0","0","0","0","0","0","0",".000","0"
"*06cql*","Kendall George","LAD","OF","3063","ALASKA","Minors","21","@CHW Sun 2:10PM","0","12%","0%","0/0","0","0","0","0","0","0",".000","0"
"*06qr6*","Nate George","BAL","OF","3064","Rome","Minors","20","SD Sun 1:35PM","0","27%","0%","0/0","0","0","0","0","0","0",".000","0"
"*06hsz*","John Gil","ATL","SS","3081","KCP","Minors","20","@NYM Sun 1:40PM","0","21%","0%","0/0","0","0","0","0","0","0",".000","0"
"*05u2m*","Theo Gillen","TB","OF","3087","SSP","Minors","20","@LAA Sun 4:07PM","0","36%","0%","0/0","0","0","0","0","0","0",".000","0"
"*06mff*","Justin Gonzales","BOS","OF","3128","PAW","Minors","19","TEX Sun 7:20PM","0","29%","0%","0/0","0","0","0","0","0","0",".000","0"
"*06ps2*","Josuar Gonzalez","SF","SS","3155","Rome","Minors","18","CHC Sun 3:10PM","0","41%","0%","0/0","0","0","0","0","0","0",".000","0"
"*06y9r*","Taitn Gray","TB","C","3203","DOB","Minors","18","@LAA Sun 4:07PM","0","19%","0%","0/0","0","0","0","0","0","0",".000","0"
"*05oek*","Elijah Green","WSH","OF","3205","GOATS","Minors","22","SEA Sun 1:35PM","0","11%","0%","0/0","0","0","0","0","0","0",".000","0"
"*06rw2*","Steele Hall","CIN","SS","3291","SSP","Minors","18","ARI Sun 1:40PM","0","33%","0%","0/0","0","0","0","0","0","0",".000","0"
"*06cqi*","Josh Hammond","KC","3B,SS","3304","SSP","Reserve","19","HOU Sun 2:10PM","0","22%","0%","0/0","0","0","0","0","0","0",".000","0"
"*06pi0*","Eric Hartman","ATL","2B,OF","3345","Rome","Minors","19","@NYM Sun 1:40PM","0","30%","0%","0/0","0","0","0","0","0","0",".000","0"
"*06ifw*","Josiah Hartshorn","CHC","1B,OF","3347","SSP","Reserve","19","@SF Sun 3:10PM","0","24%","+1%","0/0","0","0","0","0","0","0",".000","0"
"*071w9*","Luis Hernandez","SF","SS","3438","45s","Minors","17","CHC Sun 3:10PM","0","35%","0%","0/0","0","0","0","0","0","0",".000","0"
"*062cx*","Ethan Holliday","COL","SS","3527","Rome","Minors","19","@ATH Sun 3:05PM","0","52%","0%","0/0","0","0","0","0","0","0",".000","0"
"*06eyu*","Zyhir Hope","LAD","OF","3544","AKR","Minors","21","@CHW Sun 2:10PM","0","48%","0%","0/0","0","0","0","0","0","0",".000","0"
"*06f0p*","Cooper Ingle","CLE","C","3612","AKR","Reserve","24","DET Sun 1:40PM","0","25%","0%","0/0","0","0","0","0","0","0",".000","0"
"*06c10*","Ike Irish","BAL","C,1B","3617","SSP","Reserve","22","SD Sun 1:35PM","0","32%","0%","0/0","0","0","0","0","0","0",".000","0"
"*062pp*","Xavier Isaac","TB","UT","3619","GOATS","Minors","22","@LAA Sun 4:07PM","0","32%","0%","0/0","0","0","0","0","0","0",".000","0"
"*05u3v*","Walker Jenkins","MIN","OF","3661","45s","Reserve","21","STL Sun 2:10PM","0","62%","0%","0/0","0","0","0","0","0","0",".000","0"
"*05rc5*","Termarr Johnson","PIT","2B","3708","MN","Minors","22","MIA Sun 12:15PM","0","29%","0%","0/0","0","0","0","0","0","0",".000","0"
"*05tdk*","Druw Jones","ARI","OF","3718","GOATS","Minors","22","@CIN Sun 1:40PM","0","30%","0%","0/0","0","0","0","0","0","0",".000","0"
"*06oo7*","Sean Keys","TOR","1B,3B","3796","PAW","Minors","23","NYY Sun 1:37PM","0","14%","0%","0/0","0","0","0","0","0","0",".000","0"
"*06utg*","Dax Kilby","NYY","SS","3799","45s","Minors","19","@TOR Sun 1:37PM","0","38%","0%","0/0","0","0","0","0","0","0",".000","0"
"*06cq7*","Seaver King","WSH","SS","3815","AKR","Reserve","23","SEA Sun 1:35PM","0","27%","0%","0/0","0","0","0","0","0","0",".000","0"
"*0596f*","Heston Kjerstad","BAL","OF","3830","KCP","Reserve","27","SD Sun 1:35PM","0","15%","-1%","0/0","0","0","0","0","0","0",".000","0"
"*060yn*","Luis Lara","MIL","OF","3921","DOB","Minors","21","PHI Sun 2:10PM","0","40%","+8%","0/0","0","0","0","0","0","0",".000","0"
"*067zb*","Jace LaViolette","CLE","OF","3882","SSP","Reserve","22","DET Sun 1:40PM","0","28%","0%","0/0","0","0","0","0","0","0",".000","0"
"*06ich*","Jhonny Level","SF","SS","3983","45s","Minors","19","CHC Sun 3:10PM","0","28%","0%","0/0","0","0","0","0","0","0",".000","0"
"*06mnk*","Tyson Lewis","CIN","SS","3990","GOATS","Minors","20","ARI Sun 1:40PM","0","22%","0%","0/0","0","0","0","0","0","0",".000","0"
"*06y48*","Mason Ligenza","LAD","OF","3995","BOS","Minors","19","@CHW Sun 2:10PM","0","0%","0%","0/0","0","0","0","0","0","0",".000","0"
"*06b72*","George Lombard Jr.","NYY","SS","4042","SSP","Reserve","21","@TOR Sun 1:37PM","0","51%","0%","0/0","0","0","0","0","0","0",".000","0"
"*07261*","Emanuel Luna","STL","OF","4102","AKR","Minors","17","@MIN Sun 2:10PM","0","13%","+2%","0/0","0","0","0","0","0","0",".000","0"
"*041ai*","Gavin Lux","TB","OF,UT","4109","ALASKA","Reserve","28","@LAA Sun 4:07PM","0","22%","0%","0/0","0","0","0","0","0","0",".000","0"
"*06ibv*","Jesus Made","MIL","SS","4136","Rome","Reserve","19","PHI Sun 2:10PM","0","62%","0%","0/0","0","0","0","0","0","0",".000","0"
"*0527f*","Kevin Made","WSH","2B,SS","4137","KCP","Minors","23","SEA Sun 1:35PM","0","3%","0%","0/0","0","0","0","0","0","0",".000","0"
"*061gx*","Jacob Melton","TB","OF","4417","BOS","Minors","25","@LAA Sun 4:07PM","0","24%","0%","0/0","0","0","0","0","0","0",".000","0"
"*05rhb*","Hendry Mendez","MIN","OF","4425","PAW","Reserve","22","STL Sun 2:10PM","0","14%","0%","0/0","0","0","0","0","0","0",".000","0"
"*05u36*","Aidan Miller","PHI","SS","4503","45s","Minors","22","@MIL Sun 2:10PM","0","55%","0%","0/0","0","0","0","0","0","0",".000","0"
"*05y3q*","Blake Mitchell","KC","C","4534","BOS","Minors","21","HOU Sun 2:10PM","0","25%","0%","0/0","0","0","0","0","0","0",".000","0"
"*05rfc*","Lazaro Montes","SEA","OF","4581","PAW","Minors","21","@WSH Sun 1:35PM","0","46%","0%","0/0","0","0","0","0","0","0",".000","0"
"*06cq8*","Christian Moore","LAA","2B","4599","Rome","Reserve","23","TB Sun 4:07PM","0","42%","0%","0/0","0","0","0","0","0","0",".000","0"
"*06ibo*","Emil Morales","LAD","SS","4608","SUGA","Minors","19","@CHW Sun 2:10PM","0","37%","0%","0/0","0","0","0","0","0","0",".000","0"
"*05js4*","Yohandy Morales","WSH","1B,3B","4613","DOB","Reserve","24","SEA Sun 1:35PM","0","37%","-1%","0/0","0","0","0","0","0","0",".000","0"
"*06r9r*","Darell Morel","PIT","SS","4621","SSP","Reserve","18","MIA Sun 12:15PM","0","13%","-1%","0/0","0","0","0","0","0","0",".000","0"
"*05wrt*","Tre' Morgan","TB","1B","4631","SSP","Reserve","23","@LAA Sun 4:07PM","0","23%","0%","0/0","0","0","0","0","0","0",".000","0"
"*06r8u*","Shotaro Morii","ATH","SS","4634","SUGA","Minors","19","COL Sun 3:05PM","0","21%","0%","0/0","0","0","0","0","0","0",".000","0"
"*05y6v*","BJ Murray Jr.","CHC","1B,3B","4695","SSP","Reserve","26","@SF Sun 3:10PM","0","1%","0%","0/0","0","0","0","0","0","0",".000","0"
"*05yak*","Xavier Neyens","HOU","3B","4738","AKR","Reserve","19","@KC Sun 2:10PM","0","28%","0%","0/0","0","0","0","0","0","0",".000","0"
"*05y3p*","Arjun Nimmala","TOR","SS","4750","SSP","Minors","20","NYY Sun 1:37PM","0","36%","0%","0/0","0","0","0","0","0","0",".000","0"
"*06pg4*","Deniel Ortiz","STL","1B,3B","4867","DOB","Minors","21","@MIN Sun 2:10PM","0","11%","0%","0/0","0","0","0","0","0","0",".000","0"
"*06se6*","JoJo Parker","TOR","SS","4956","SSP","Minors","19","NYY Sun 1:37PM","0","43%","0%","0/0","0","0","0","0","0","0",".000","0"
"*06kkf*","Braylon Payne","MIL","OF","4979","DOB","Minors","19","PHI Sun 2:10PM","0","24%","0%","0/0","0","0","0","0","0","0",".000","0"
"*06m0g*","Elian Pena","NYM","SS","5008","MN","Minors","18","ATL Sun 1:40PM","0","33%","0%","0/0","0","0","0","0","0","0",".000","0"
"*06j3f*","Luis Pena","MIL","2B,SS","5015","Rome","Minors","19","PHI Sun 2:10PM","0","48%","0%","0/0","0","0","0","0","0","0",".000","0"
"*067xj*","Cooper Pratt","MIL","SS","5208","ALASKA","Minors","21","PHI Sun 2:10PM","0","36%","0%","0/0","0","0","0","0","0","0",".000","0"
"*01spl*","Jurickson Profar","ATL","OF","5220","MN","Inj Res","33","@NYM Sun 1:40PM","0","14%","0%","0/0","0","0","0","0","0","0",".000","0"
"*06c79*","Eduardo Quintero","LAD","OF","5253","SUGA","Minors","20","@CHW Sun 2:10PM","0","46%","0%","0/0","0","0","0","0","0","0",".000","0"
"*05yai*","Bryce Rainer","DET","SS","5264","45s","Minors","20","@CLE Sun 1:40PM","0","44%","0%","0/0","0","0","0","0","0","0",".000","0"
"*06481*","Jacob Reimer","NYM","3B","5346","SSP","Minors","22","ATL Sun 1:40PM","0","26%","0%","0/0","0","0","0","0","0","0",".000","0"
"*0724c*","Francisco Renteria","PHI","OF","5355","SSP","Minors","17","@MIL Sun 2:10PM","0","28%","0%","0/0","0","0","0","0","0","0",".000","0"
"*066lf*","Bryan Rincon","PHI","SS","5412","PAW","Minors","22","@MIL Sun 2:10PM","0","6%","0%","0/0","0","0","0","0","0","0",".000","0"
"*054p6*","Emmanuel Rodriguez","MIN","OF","5489","SUGA","Reserve","23","STL Sun 2:10PM","0","45%","0%","0/0","0","0","0","0","0","0",".000","0"
"*05xse*","Hector Rodriguez","CIN","OF","5501","SSP","Reserve","22","ARI Sun 1:40PM","0","22%","+1%","0/0","0","0","0","0","0","0",".000","0"
"*06mnp*","Rainiel Rodriguez","STL","C","5524","45s","Minors","19","@MIN Sun 2:10PM","0","45%","0%","0/0","0","0","0","0","0","0",".000","0"
"*061wh*","Jefferson Rojas","CHC","2B,SS","5553","BOS","Minors","21","@SF Sun 3:10PM","0","27%","0%","0/0","0","0","0","0","0","0",".000","0"
"*05y7y*","Mikey Romero","BOS","2B,3B,SS","5576","DOB","Minors","22","TEX Sun 7:20PM","0","10%","0%","0/0","0","0","0","0","0","0",".000","0"
"*05ybr*","Ethan Salas","SD","C","5672","Rome","Minors","20","@BAL Sun 1:35PM","0","44%","0%","0/0","0","0","0","0","0","0",".000","0"
"*06rgw*","Juan Sanchez","TOR","3B,SS","5718","BOS","Minors","18","NYY Sun 1:37PM","0","22%","0%","0/0","0","0","0","0","0","0",".000","0"
"*02w16*","Anthony Santander","TOR","OF,UT","5752","ALASKA","Inj Res","31","NYY Sun 1:37PM","0","33%","0%","0/0","0","0","0","0","0","0",".000","0"
"*066ip*","Mike Sirota","LAD","OF","5925","SSP","Reserve","22","@CHW Sun 2:10PM","0","40%","0%","0/0","0","0","0","0","0","0",".000","0"
"*06dq9*","Aidan Smith","TB","OF","5936","SUGA","Minors","21","@LAA Sun 4:07PM","0","16%","0%","0/0","0","0","0","0","0","0",".000","0"
"*06rry*","Tate Southisene","ATL","SS","5994","AKR","Minors","19","@NYM Sun 1:40PM","0","19%","+1%","0/0","0","0","0","0","0","0",".000","0"
"*06bsb*","Eduardo Tait","MIN","C","6119","SSP","Minors","19","STL Sun 2:10PM","0","28%","0%","0/0","0","0","0","0","0","0",".000","0"
"*05wxy*","Kyle Teel","CHW","C","6161","SSP","Inj Res","24","LAD Sun 2:10PM","0","62%","0%","0/0","0","0","0","0","0","0",".000","0"
"*066ir*","James Tibbs III","LAD","OF","6205","SUGA","Reserve","23","@CHW Sun 2:10PM","0","45%","0%","0/0","0","0","0","0","0","0",".000","0"
"*05ucf*","James Triantos","CHC","2B,3B,OF","6283","ALASKA","Minors","23","@SF Sun 3:10PM","0","20%","0%","0/0","0","0","0","0","0","0",".000","0"
"*05gbg*","Zac Veen","COL","OF","6406","MN","Minors","24","@ATH Sun 3:05PM","0","34%","0%","0/0","0","0","0","0","0","0",".000","0"
"*067yp*","Ralphy Velazquez","CLE","1B","6419","AKR","Minors","21","DET Sun 1:40PM","0","42%","0%","0/0","0","0","0","0","0","0",".000","0"
"*0662o*","Sebastian Walcott","TEX","SS","6494","45s","Minors","20","@BOS Sun 7:20PM","0","55%","0%","0/0","0","0","0","0","0","0",".000","0"
"*05gsc*","Jordan Westburg","BAL","3B","6570","Rome","Inj Res","27","SD Sun 1:35PM","0","53%","-1%","0/0","0","0","0","0","0","0",".000","0"
"*05tp7*","Tommy White","ATH","3B","6588","AKR","Reserve","23","COL Sun 3:05PM","0","22%","0%","0/0","0","0","0","0","0","0",".000","0"
"*060la*","Jett Williams","MIL","2B,SS,OF","6612","Rome","Reserve","22","PHI Sun 2:10PM","0","52%","0%","0/0","0","0","0","0","0","0",".000","0"
"*06n8y*","Eli Willits","WSH","SS","6621","BOS","Minors","18","SEA Sun 1:35PM","0","51%","0%","0/0","0","0","0","0","0","0",".000","0"
