Tier,Rk,Player,Pos,Team,Level,Age,ETA,Min,Max,App,Var,High,Low,Greg,Kyle,Lucas,PJ,Tom
1,1,Jesus Made,SS,MIL,AA,19.1,2026 Late,1,1,5,0.0,Tie,Tie,1,1,1,1,1
1,2,Leo De Vries,SS,ATH,AA,19.7,2027 Early,2,3,5,5.0,Tie,Tom,2,2,2,2,3
2,3,Colt Emerson,"3B,SS",SEA,MLB,20.9,2026 Early,2,4,5,8.4,Tom,Tie,4,3,4,3,2
2,4,Josue De Paula,OF,LAD,AA,21.1,2026 Late,3,8,5,18.9,Tie,PJ,3,4,3,8,4
2,5,Kade Anderson,P,SEA,AA,22.0,2026 Late,5,10,5,18.6,Tie,Greg,10,5,5,5,5
2,6,Seth Hernandez,P,PIT,A+,20.0,2028 Late,6,8,5,6.9,PJ,Tie,8,7,8,6,8
2,7,Franklin Arias,SS,BOS,AA,20.6,2027 Mid,5,20,5,44.4,Greg,PJ,5,14,6,20,9
2,8,Ryan Sloan,P,SEA,AA,20.4,2027 Late,6,21,5,41.1,Tie,PJ,6,6,12,21,10
2,9,Rainiel Rodriguez,C,STL,AA,19.5,2028 Late,9,21,5,1.2,Kyle,Greg,21,9,14,10,13
2,10,Joshua Baez,OF,STL,AAA,23.0,2026 Mid,6,19,5,33.9,Tom,Greg,19,15,7,16,6
2,11,Eduardo Quintero,OF,LAD,A+,20.8,2027 Mid,8,28,5,41.7,Kyle,Lucas,13,8,28,13,16
2,12,Theo Gillen,OF,TBR,A+,20.8,2027 Late,9,28,5,44.6,Tie,PJ,9,13,9,28,22
3,13,Mike Sirota,OF,LAD,AA,23.0,2027 Late,11,17,5,0.6,Tom,Greg,17,16,13,15,11
3,14,Max Clark,OF,DET,AAA,21.5,2026 Early,10,19,5,16.7,Kyle,PJ,18,10,15,19,15
3,15,Edward Florentino,OF,PIT,A+,19.6,2028 Mid,7,23,5,30.7,PJ,Lucas,12,22,23,7,17
3,16,Luis Pena,"2B,SS",MIL,A+,19.6,2028 Early,7,41,5,57.4,Tom,Lucas,11,20,41,17,7
3,17,Eli Willits,SS,WSN,A+,18.5,2029 Early,14,38,5,41.3,Tom,PJ,15,19,17,38,14
3,18,Ryan Waldschmidt,OF,ARI,MLB,23.7,2026 Mid,11,31,5,34.9,Lucas,Tom,26,12,11,18,31
3,19,Sebastian Walcott,SS,TEX,AA,20.3,2026 Late,9,30,5,31.1,PJ,Lucas,14,23,30,9,19
3,20,Zyhir Hope,OF,LAD,AA,21.4,2026 Late,11,32,5,30.8,Kyle,Greg,32,11,19,29,23
3,21,Caleb Bonemer,"3B,SS",CHW,AA,20.7,2028 Late,18,43,5,41.4,Lucas,PJ,20,21,18,43,38
3,22,Eric Hartman,"OF,2B",ATL,A+,20.0,2028 Mid,22,32,5,14.2,Tie,Kyle,22,32,25,22,24
3,23,Kaelen Culpepper,SS,MIN,AAA,23.5,2026 Mid,12,47,5,45.4,Tom,PJ,24,28,16,47,12
3,24,JoJo Parker,SS,TOR,A,19.9,2028 Late,17,37,5,24.1,Kyle,PJ,25,17,22,37,28
3,25,George Lombard Jr.,SS,NYY,AAA,21.1,2026 Mid,20,37,5,26.6,Tom,Tie,37,37,21,24,20
3,26,Ralphy Velazquez,1B,CLE,AAA,21.1,2026 Late,14,33,5,24.5,PJ,Greg,33,18,27,14,30
3,27,Devin Fitz-Gerald,SS,WSN,AA,20.9,2028 Mid,21,30,5,10.3,Tom,PJ,27,27,29,30,21
3,28,Josiah Hartshorn,"OF,1B",CHC,A+,19.4,2029 Late,24,56,5,3.5,Lucas,Greg,56,41,24,26,25
3,29,Walker Jenkins,OF,MIN,AAA,21.3,2026 Early,26,35,5,10.2,Kyle,Lucas,30,26,35,27,32
3,30,Josuar De Jesus Gonzalez,SS,SFG,CPX,18.7,2029 Late,16,39,5,2.4,Greg,Tie,16,30,39,39,29
3,31,Braden Montgomery,OF,CHW,MLB,23.2,2026 Mid,23,49,5,25.1,PJ,Tom,31,31,34,23,49
4,32,Gage Jump,P,ATH,MLB,23.2,2026 Mid,20,51,5,3.1,Lucas,Tom,46,35,20,31,51
4,33,Luis Hernandez,SS,SFG,CPX,17.5,2029 Mid,11,59,5,4.4,PJ,Lucas,45,36,59,11,35
4,34,A.J. Ewing,OF,NYM,MLB,21.9,2026 Mid,10,80,5,7.2,Lucas,Tom,39,44,10,12,80
4,35,Charles Davalan,OF,LAD,A+,22.5,2027 Late,27,51,5,22.0,Tom,PJ,41,47,38,51,27
4,36,Alfredo Duno,C,CIN,A+,20.5,2027 Mid,25,130,5,102.7,Kyle,PJ,29,25,42,130,33
4,37,Jhonny Level,SS,SFG,A+,19.2,2029 Mid,26,65,5,32.8,Tom,Greg,65,50,40,40,26
4,38,Aidan Miller,SS,PHI,AAA,22.0,2026 Mid,7,86,5,70.9,Greg,Lucas,7,24,86,67,40
4,39,Ethan Salas,C,SDP,AA,20.1,2026 Mid,33,67,5,34.1,PJ,Lucas,40,60,67,33,34
4,40,Karson Milbrandt,P,MIA,AAA,22.2,2026 Late,32,79,5,40.1,PJ,Lucas,49,40,79,32,36
4,41,Cooper Pratt,SS,MIL,AAA,21.9,2026 Mid,29,78,5,47.3,Kyle,Greg,78,29,37,42,75
4,42,Noah Schultz,P,CHW,MLB,22.9,2026 Early,34,70,5,33.0,Kyle,PJ,35,34,62,70,45
4,43,Arjun Nimmala,SS,TOR,AA,20.7,2027 Mid,42,56,5,10.6,Greg,PJ,42,46,51,56,47
4,44,Charlie Condon,1B,COL,AAA,23.2,2027 Early,34,79,5,33.7,PJ,Greg,79,45,44,34,56
4,45,Dax Kilby,SS,NYY,A,19.6,2030 Early,36,87,5,42.0,PJ,Lucas,67,39,87,36,44
4,46,Anthony Eyanson,P,BOS,AA,21.7,2027 Mid,34,81,5,34.2,Greg,PJ,34,56,48,81,41
4,47,Josue Briceno,"C,1B",DET,AA,21.8,2026 Late,23,139,5,85.2,Greg,PJ,23,42,57,139,37
4,48,Brody Hopkins,P,TBR,AAA,24.4,2026 Mid,28,66,5,31.0,Greg,Tom,28,55,31,58,66
4,49,Carlos Lagrange,P,NYY,AAA,23.1,2026 Mid,46,62,5,11.1,Lucas,Greg,62,54,46,52,48
4,50,Henry Bolte,OF,ATH,MLB,22.9,2026 Mid,4,101,5,64.9,PJ,Kyle,61,101,26,4,58
4,51,Emil Morales,SS,LAD,A+,19.8,2028 Early,38,85,5,35.2,Greg,Lucas,38,53,85,74,42
4,52,Emmanuel Rodriguez,OF,MIN,AAA,23.3,2026 Mid,47,68,5,15.5,Greg,PJ,47,48,55,68,63
4,53,Kendry Chourio,P,KCR,A+,18.7,2028 Early,33,89,5,37.1,Lucas,Kyle,53,89,33,72,46
4,54,Bryce Rainer,SS,DET,A+,21.0,2026 Late,38,108,5,44.0,Kyle,Lucas,55,38,108,62,50
5,55,Elian Pena,SS,NYM,A,18.7,2029 Late,41,94,5,5.5,PJ,Kyle,48,94,76,41,60
5,56,Aiva Arquette,SS,MIA,AA,22.7,2027 Mid,33,74,5,25.0,Kyle,Lucas,59,33,74,64,67
5,57,Tommy Troy,"OF,2B",ARI,MLB,24.4,2026 Early,50,116,5,42.1,Lucas,Greg,116,59,50,54,74
5,58,Braylon Payne,OF,MIL,A+,19.9,2028 Late,51,78,5,15.0,Greg,Kyle,51,78,66,65,61
5,59,Angel Genao,"3B,SS",CLE,AAA,22.1,2027 Early,46,77,5,21.2,PJ,Kyle,66,77,52,46,76
5,60,Juneiker Caceres,OF,CLE,A,18.9,2028 Late,36,83,5,26.2,Lucas,Tom,73,64,36,66,83
5,61,Gage Wood,P,PHI,AA,22.5,2026 Late,32,89,5,35.0,Lucas,Greg,89,71,32,76,43
5,62,Thomas White,P,MIA,AAA,21.7,2026 Mid,44,96,5,28.0,Greg,Lucas,44,75,96,69,59
5,63,Jonny Farmelo,OF,SEA,A+,21.8,2028 Mid,57,89,5,18.6,Kyle,PJ,60,57,77,89,71
5,64,Robby Snelling,P,MIA,MLB,22.5,2026 Early,63,83,5,11.1,PJ,Lucas,72,73,83,63,65
5,65,Hagen Smith,P,CHW,AAA,22.9,2026 Late,49,140,5,57.2,Lucas,Greg,140,62,49,55,117
5,66,Jamie Arnold,P,ATH,AA,22.3,2027 Early,45,152,5,59.4,Lucas,PJ,68,49,45,152,82
5,67,Cole Carrigg,OF,COL,MLB,24.1,2026 Mid,69,97,5,17.1,Tom,PJ,87,70,70,97,69
5,68,Nathan Flewelling,C,TBR,A+,19.6,2029 Early,44,149,5,53.9,PJ,Tom,69,68,69,44,149
5,69,Jett Williams,"OF,2B,SS",MIL,AAA,22.6,2026 Mid,43,110,5,36.6,Kyle,Tom,52,43,93,75,110
5,70,Jonah Tong,P,NYM,MLB,23.0,2026 Mid,61,120,5,30.8,Lucas,Tom,76,65,61,73,120
5,71,JR Ritchie,P,ATL,MLB,23.0,2026 Mid,43,105,5,32.1,Lucas,Kyle,85,105,43,53,79
5,72,Josh Adamczewski,SS,MIL,AA,21.1,2027 Mid,49,102,5,5.0,PJ,Lucas,80,86,102,49,70
5,73,Andrew Fischer,3B,MIL,AA,22.1,2027 Early,45,92,5,26.8,PJ,Tom,90,84,56,45,92
5,74,Logan Henderson,P,MIL,MLB,24.3,2025 Early,47,158,5,58.4,Lucas,PJ,126,69,47,158,62
5,75,Luis Lara,OF,MIL,AAA,21.6,2026 Late,35,211,5,83.0,PJ,Kyle,93,211,68,35,68
5,76,Travis Sykora,P,WSN,AA,22.2,2026 Late,54,143,5,44.9,Greg,PJ,54,74,113,143,64
5,77,Esmerlyn Valdez,OF,PIT,MLB,22.4,2027 Late,71,112,5,4.6,Greg,PJ,71,79,72,112,98
5,78,Elmer Rodriguez,P,NYY,MLB,22.9,2026 Mid,63,93,5,3.0,Lucas,Kyle,84,93,63,84,91
5,79,Felnin Celesten,SS,SEA,A+,20.8,2028 Early,36,110,5,41.1,Greg,Kyle,36,110,100,93,39
5,80,John Gil,SS,ATL,AA,20.1,2027 Mid,63,111,5,5.2,Kyle,Lucas,109,63,111,82,81
6,81,Braylon Doughty,P,CLE,A+,20.6,2028 Mid,63,103,5,17.6,Greg,PJ,63,87,81,103,97
6,82,Johnny King,P,TOR,A+,19.9,2029 Mid,64,102,5,15.5,Lucas,PJ,91,88,64,102,88
6,83,Angeibel Gomez,OF,KCR,DSL,17.5,2030 Mid,43,140,5,10.1,Greg,Kyle,43,140,54,88,108
6,84,River Ryan,P,LAD,MLB,27.9,2024 Mid,18,297,5,123.0,Tom,PJ,64,157,58,297,18
6,85,Kyson Witherspoon,P,BOS,A+,21.9,2026 Mid,58,120,5,26.4,Kyle,Greg,120,58,90,87,112
6,86,Caden Scarborough,P,TEX,A+,21.2,2027 Late,52,164,5,50.8,Kyle,Lucas,70,52,164,137,84
6,87,Lazaro Montes,OF,SEA,AA,21.7,2027 Late,71,135,5,32.5,Lucas,PJ,127,72,71,135,87
6,88,Nate George,OF,BAL,A+,20.1,2028 Late,61,127,5,28.8,Kyle,Tom,111,61,94,71,127
6,89,Jefferson Rojas,"2B,SS",CHC,AA,21.2,2027 Early,50,129,5,33.2,Greg,Lucas,50,120,129,79,94
6,90,Owen Murphy,P,ATL,AAA,22.7,2026 Mid,78,167,5,39.2,Lucas,Tom,81,122,78,86,167
6,91,Seaver King,SS,WSN,AAA,23.2,2026 Late,25,149,5,45.6,PJ,Lucas,105,98,149,25,86
6,92,Steele Hall,SS,CIN,CPX,18.9,2029 Mid,60,147,5,36.7,Lucas,Tom,135,91,60,85,147
6,93,Gavin Fien,"3B,SS",WSN,A,19.3,2029 Early,67,123,5,24.2,Kyle,Tom,82,67,97,121,123
6,94,Ethan Conrad,OF,CHC,CPX,22.0,2027 Early,57,161,5,37.7,Greg,PJ,57,95,88,161,101
6,95,Jaxon Wiggins,P,CHC,AAA,24.7,2027 Mid,51,116,5,7.3,Kyle,PJ,74,51,115,116,107
6,96,Ethan Holliday,SS,COL,A,19.3,2029 Mid,90,145,5,21.5,PJ,Tom,94,99,105,90,145
6,97,Joseph Dzierwa,P,BAL,AA,22.2,2027 Late,78,123,5,17.3,Tom,PJ,103,119,98,123,78
6,98,Taitn Gray,C,TBR,A,18.9,2030 Mid,73,118,5,21.3,Lucas,Kyle,75,118,73,109,116
6,99,Kevin Alvarez,OF,HOU,A,18.5,2029 Late,53,150,5,9.5,Lucas,PJ,131,90,53,150,106
6,100,Tate Southisene,SS,ATL,A+,19.7,2030 Mid,50,131,5,30.2,PJ,Lucas,98,109,131,50,126
6,101,Trey Gibson,P,BAL,MLB,24.1,2027 Late,80,140,5,22.6,Lucas,PJ,108,83,80,140,111
6,102,James Tibbs III,OF,LAD,AAA,23.7,2026 Mid,55,138,5,34.7,Tom,Kyle,115,138,116,57,55
7,103,Wei-En Lin,P,ATH,AAA,20.6,2028 Mid,57,167,5,43.4,Tom,Lucas,102,158,167,83,57
7,104,Spencer Jones,OF,NYY,MLB,25.1,2026 Mid,90,142,5,18.8,Tom,Greg,142,92,109,111,90
7,105,Juan Sanchez,"3B,SS",TOR,A,18.7,2029 Late,89,149,5,5.5,Tom,PJ,110,108,112,149,89
7,106,Ike Irish,"C,1B",BAL,A+,22.6,2027 Early,92,200,5,39.3,Greg,PJ,92,100,103,200,132
7,107,Cam Caminiti,P,ATL,A+,19.9,2027 Late,76,152,5,30.2,Kyle,Tom,83,76,114,144,152
7,108,Liam Doyle,P,STL,AA,22.1,2026 Late,66,191,5,46.1,Kyle,PJ,164,66,107,191,85
7,109,Ryan Clifford,"OF,1B",NYM,AAA,22.9,2026 Early,72,198,5,41.9,Tom,PJ,146,102,106,198,72
7,110,Xavier Neyens,3B,HOU,A,19.7,2028 Late,85,136,5,16.9,Kyle,PJ,117,85,121,136,100
7,111,Nolan Perry,P,TOR,A+,22.8,2028 Mid,96,163,5,23.1,Tom,Lucas,97,114,163,120,96
7,112,Michael Arroyo,2B,SEA,AA,21.6,2026 Mid,103,174,5,23.8,Kyle,PJ,112,103,120,174,113
7,113,Cooper Flemming,SS,TBR,A,19.9,2030 Late,48,189,5,46.5,PJ,Tom,88,126,160,48,189
7,114,Josh Hammond,"3B,SS",KCR,A,19.8,2029 Late,95,154,5,19.6,Lucas,PJ,106,125,95,154,137
7,115,Blake Burke,1B,MIL,AA,23.0,2026 Late,75,241,5,19.3,Lucas,PJ,202,111,75,241,77
7,116,Jack Wenninger,P,NYM,AAA,24.3,2026 Late,58,159,5,34.4,Greg,PJ,58,81,135,159,136
7,117,Michael Forret,P,TBR,AAA,22.2,2026 Early,89,146,5,18.5,Lucas,PJ,144,127,89,146,125
7,118,Hector Rodriguez,OF,CIN,AAA,22.3,2026 Mid,101,176,5,27.0,Greg,PJ,101,159,126,176,102
7,119,Emanuel Luna,OF,STL,DSL,17.4,2031 Mid,98,198,5,10.4,PJ,Tom,99,144,127,98,198
7,120,David Shields,P,KCR,A+,19.8,2028 Early,86,213,5,15.0,Greg,Tom,86,121,99,202,213
7,121,Tyson Lewis,SS,CIN,A,20.5,2027 Late,104,218,5,35.7,PJ,Tom,124,115,152,104,218
7,122,Edwin Arroyo,"2B,SS",CIN,MLB,22.8,2026 Early,53,177,5,39.2,Tom,PJ,113,172,136,177,53
7,123,Kayson Cunningham,SS,ARI,A+,20.0,2028 Early,61,222,5,44.5,PJ,Tom,134,145,119,61,222
7,124,Pedro Ramirez,"2B,3B,SS",CHC,MLB,22.2,2027 Late,52,171,5,37.6,Tom,PJ,148,150,91,171,52
7,125,Roldy Brito,"OF,2B",COL,A,19.2,2028 Late,54,162,5,34.5,Tom,Lucas,104,147,162,156,54
7,126,Jeferson Quero,C,MIL,MLB,23.7,2026 Mid,73,212,5,38.8,Tom,PJ,129,132,169,212,73
7,127,Tanner McDougal,P,CHW,AAA,23.2,2027 Late,97,189,5,25.2,Kyle,PJ,132,97,156,189,135
7,128,Jacob Reimer,3B,NYM,AA,22.3,2026 Late,96,271,5,51.2,Kyle,PJ,118,96,130,271,134
7,129,Murf Gray,3B,PIT,A+,22.5,2029 Mid,82,194,5,37.2,Kyle,PJ,96,82,184,194,139
7,130,Eduardo Tait,C,MIN,A+,19.8,2027 Mid,80,253,5,47.4,Kyle,Lucas,119,80,253,134,161
7,131,Sebastian Dos Santos,SS,STL,A,18.4,2029 Late,99,314,5,22.3,PJ,Tom,114,124,161,99,314
7,132,Alexander Frias,OF,MIL,A,18.3,2030 Early,59,192,5,35.2,PJ,Tom,159,143,144,59,192
7,133,Justin Gonzales,OF,BOS,A+,19.5,2028 Late,118,231,5,33.3,Lucas,PJ,136,142,118,231,119
7,134,Marco Dinges,C,MIL,A+,22.8,2027 Mid,92,282,5,54.6,PJ,Tom,133,152,104,92,282
7,135,Wehiwa Aloy,SS,BAL,A+,22.4,2027 Mid,92,208,5,37.3,Lucas,Kyle,189,208,92,95,140
7,136,Devin Taylor,OF,ATH,AA,22.5,2027 Late,117,207,5,30.8,Tie,Tom,196,117,117,133,207
7,137,Jarlin Susana,P,WSN,AA,22.3,2026 Mid,105,204,5,26.5,Tom,Lucas,138,131,204,169,105
7,138,LuJames Groover,3B,ARI,MLB,24.2,2026 Early,109,200,5,26.3,Tom,Lucas,130,139,200,184,109
7,139,Dasan Hill,P,MIN,A+,20.5,2028 Mid,65,236,5,16.2,Lucas,Tom,141,182,65,127,236
7,140,Tyler Bremner,P,LAA,A+,22.2,2026 Mid,82,180,5,28.0,Lucas,Tom,163,106,82,153,180
7,141,Bo Davidson,OF,SFG,AA,24.0,2026 Mid,95,275,5,20.4,Greg,PJ,95,113,235,275,128
7,142,Billy Carlson,SS,CHW,A,19.9,2029 Early,77,217,5,36.9,PJ,Tom,194,130,147,77,217
7,143,Ching-Hsien Ko,OF,LAD,A,19.9,2029 Late,132,184,5,5.7,PJ,Greg,184,135,151,132,170
7,144,Caden Bodine,C,TBR,A+,22.6,2028 Early,101,192,5,24.7,Lucas,Greg,192,169,101,118,158
7,145,Christian Zazueta,P,LAD,A+,21.7,2028 Mid,93,315,5,74.1,Tom,Kyle,107,315,310,124,93
7,146,Wandy Asigen,SS,NYM,DSL,16.8,2030 Mid,115,214,5,9.1,PJ,Greg,214,154,150,115,153
7,147,Jonathon Long,1B,CHC,AAA,24.4,2026 Mid,121,249,5,32.3,Greg,PJ,121,149,154,249,142
7,148,Kendry Rojas,P,MIN,MLB,23.6,2026 Mid,133,231,5,10.5,Lucas,Tom,147,192,133,142,231
7,149,Jacob Melton,OF,TBR,MLB,25.8,2026 Early,104,188,5,8.8,Tom,Lucas,182,137,188,162,104
7,150,Wyatt Sanford,"2B,SS",PIT,A+,20.6,2027 Late,131,255,5,31.8,PJ,Greg,255,189,148,131,148
7,151,Blaze Jordan,"1B,3B",STL,MLB,23.5,2026 Early,101,214,5,28.9,PJ,Kyle,198,214,137,101,159
7,152,Ronny Cruz,SS,WSN,A+,19.8,2028 Mid,80,278,5,47.9,PJ,Kyle,161,278,110,80,179
7,153,Ethan Frey,OF,HOU,A+,22.3,2028 Early,128,247,5,33.2,Kyle,Tom,220,128,139,151,247
7,154,Jacob Gonzalez,"1B,2B,SS",CHW,MLB,24.1,2026 Late,60,285,5,51.8,PJ,Kyle,180,285,166,60,118
8,155,Santiago Suarez,P,TBR,AAA,21.5,2026 Late,116,227,5,31.4,Kyle,PJ,165,116,213,227,122
8,156,Xavier Isaac,UT,TBR,AA,22.5,2026 Mid,141,183,5,12.0,Kyle,Lucas,178,141,183,170,144
8,157,Cooper Ingle,C,CLE,AAA,24.3,2027 Mid,139,272,5,39.5,Greg,PJ,139,151,140,272,249
8,158,Demetrio Crisantes,2B,ARI,AA,21.8,2027 Mid,95,211,5,33.0,Tom,PJ,100,183,191,211,95
8,159,Briggs McKenzie,P,ATL,A+,19.7,2029 Late,145,216,5,6.7,PJ,Tom,171,162,172,145,216
8,160,Chase Harlan,3B,LAD,A,20.0,2028 Mid,122,323,5,20.7,Lucas,Greg,323,187,122,164,129
8,161,Kendall George,OF,LAD,AA,21.7,2027 Early,117,200,5,19.3,PJ,Greg,200,190,178,117,177
8,162,Sean Keys,"1B,3B",TOR,AAA,23.1,2027 Early,141,233,5,22.9,Tom,PJ,212,156,170,233,141
8,163,Franklin Primera,C,BOS,CPX,19.0,2030 Late,143,326,5,45.9,Lucas,Kyle,150,326,143,228,156
8,164,Alejandro Rosario,P,WSN,A+,24.5,2026 Late,125,398,5,70.8,Greg,Lucas,125,148,398,290,131
8,165,Marconi German,"2B,SS",WSN,CPX,18.8,2030 Mid,153,344,5,47.4,Lucas,Tom,167,176,153,155,344
8,166,Jhostynxon Garcia,OF,PIT,MLB,23.5,2026 Mid,128,206,5,20.8,Greg,PJ,128,136,193,206,191
8,167,Slade Caldwell,OF,ARI,A+,20.0,2027 Late,104,197,5,24.9,Kyle,Tie,137,104,196,197,197
8,168,Luke Adams,"1B,3B",MIL,AAA,22.2,2026 Mid,138,334,5,44.3,Lucas,PJ,172,166,138,334,182
8,169,Miguel Sime Jr.,P,WSN,A+,19.1,2030 Late,114,275,5,33.1,PJ,Kyle,181,275,171,114,202
8,170,Yeremy Cabrera,OF,WSN,A+,21.0,2027 Mid,119,281,5,41.1,PJ,Tom,154,273,176,119,281
8,171,Nelson Rada,OF,LAA,AAA,20.8,2026 Mid,141,257,5,23.7,PJ,Lucas,199,179,257,141,184
8,172,JD Dix,2B,ARI,A+,20.7,2029 Early,145,294,5,32.6,Lucas,Tom,197,161,145,183,294
8,173,Zach Root,P,LAD,A+,22.4,2027 Early,124,281,5,33.9,Lucas,PJ,208,146,124,281,190
8,174,Daniel Eagen,P,ARI,AA,23.6,2026 Late,134,215,5,17.5,Lucas,PJ,193,206,134,215,188
8,175,Johenssy Colome,SS,ATH,DSL,17.7,2030 Mid,153,239,5,8.8,Kyle,Lucas,179,153,239,223,186
8,176,Jurrangelo Cijntje,P,STL,AA,23.1,2026 Mid,112,219,5,25.9,Kyle,PJ,145,112,202,219,214
8,177,Josh Owens,"SS,P",TEX,A,19.5,2030 Mid,106,287,5,42.6,PJ,Greg,287,250,123,106,196
8,178,George Klassen,P,LAA,MLB,24.4,2026 Mid,151,252,5,25.5,Greg,PJ,151,165,251,252,194
8,179,Hunter Barco,P,PIT,MLB,25.5,2026 Mid,150,267,5,25.7,Tom,PJ,156,199,215,267,150
8,180,Zac Veen,OF,COL,MLB,24.5,2025 Early,103,291,5,36.2,Tom,PJ,209,174,201,291,103
8,181,Ty Johnson,P,TBR,AAA,24.8,2026 Early,107,389,5,27.2,Kyle,PJ,239,107,187,389,162
8,182,Henry Godbout,2B,BOS,A+,22.6,2028 Early,128,267,5,28.2,Lucas,Greg,267,236,128,182,199
8,183,Aidan Smith,OF,TBR,A+,21.9,2026 Late,157,254,5,19.6,Tom,Kyle,228,254,189,199,157
8,184,Luke Dickerson,"2B,SS",WSN,A,20.9,2028 Mid,114,288,5,18.3,Tom,PJ,236,133,208,288,114
8,185,Yoeilin Cespedes,2B,BOS,A+,20.8,2028 Early,164,337,5,43.3,Tom,Kyle,308,337,175,178,164
8,186,Josh Kuroda-Grauer,SS,ATH,AAA,23.4,2026 Mid,163,299,5,15.0,Tom,Kyle,251,299,195,165,163
8,187,Khal Stephen,P,CLE,AA,23.5,2026 Late,143,216,5,16.7,Greg,PJ,143,215,214,216,178
8,188,Cam Collier,"1B,3B",CIN,AA,21.6,2026 Mid,173,290,5,23.8,Greg,Lucas,173,197,290,225,187
8,189,Abimelec Ortiz,"OF,1B",WSN,AAA,24.3,2026 Mid,167,232,5,14.8,Kyle,Tie,183,167,232,207,232
8,190,David Davalillo,P,TEX,AAA,23.8,2026 Late,151,275,5,23.3,Tom,Lucas,205,185,275,221,151
8,191,Yohandy Morales,"1B,3B",WSN,AAA,24.7,2026 Mid,130,322,5,38.1,Tom,Kyle,175,322,198,264,130
8,192,Aron Estrada,"OF,2B",BAL,AA,21.4,2027 Early,123,348,5,52.3,Kyle,PJ,166,123,186,348,338
8,193,Jaison Chourio,OF,CLE,AA,21.1,2026 Mid,105,285,5,33.7,PJ,Tom,215,223,165,105,285
8,194,Dante Nori,OF,PHI,AA,21.7,2027 Mid,160,276,5,10.6,PJ,Tom,221,204,203,160,276
8,195,Hayden Alvarez,OF,LAA,A,19.3,2028 Mid,141,347,5,39.5,Lucas,Tom,219,202,141,167,347
8,196,Kevin Defrank,P,MIA,DSL,17.9,2028 Early,122,231,5,24.7,Greg,Kyle,122,231,230,157,223
8,197,Francisco Renteria,OF,PHI,DSL,17.5,2030 Mid,126,320,5,17.6,PJ,Tom,204,217,206,126,320
8,198,Luis Perales,P,WSN,AAA,23.2,2026 Mid,77,242,5,34.2,Greg,Kyle,77,242,227,240,171
8,199,Brock Wilken,3B,MIL,AAA,24.0,2026 Mid,177,330,5,37.1,Greg,PJ,177,191,314,330,181
8,200,Mitch Voit,2B,NYM,A+,21.7,2027 Mid,174,235,5,12.0,Tom,Greg,235,194,216,226,174
8,201,Aroon Escobar,2B,PHI,AA,21.5,2027 Late,134,254,5,21.7,Kyle,Lucas,206,134,254,217,229
8,202,Esteban Mejia,P,BAL,A,19.3,2027 Mid,162,273,5,19.6,Greg,Lucas,162,213,273,201,233
8,203,Luis De Leon,P,BAL,AA,23.2,2029 Late,159,,6,39.2,Lucas,Tom,185,203,159,352,
8,204,Tommy White,3B,ATH,AAA,23.3,2026 Late,138,344,5,38.5,Tom,PJ,210,163,252,344,138
8,205,Gavin Kilen,SS,SFG,A+,22.2,2026 Late,155,364,5,38.1,Greg,PJ,155,225,194,364,204
8,206,Gage Stanifer,P,TOR,AA,22.6,2027 Mid,158,350,5,35.9,Greg,Lucas,158,210,350,236,173
8,207,Juan Rijo,OF,SEA,DSL,17.8,2030 Mid,121,354,5,24.6,Tom,Kyle,261,354,218,129,121
8,208,Kemp Alderman,OF,MIA,AAA,23.9,2026 Mid,143,253,5,11.6,Tom,Greg,253,228,233,175,143
8,209,Gabriel Gonzalez,OF,MIN,MLB,22.5,2026 Late,154,298,5,25.7,Tom,Lucas,227,178,298,222,154
8,210,Quinn Mathews,P,STL,AAA,25.7,2026 Early,158,358,5,36.6,Lucas,PJ,223,173,158,358,215
8,211,Blake Mitchell,C,KCR,A+,21.9,2026 Mid,171,401,5,44.2,Kyle,Tom,174,171,264,204,401
8,212,Starlyn Caba,SS,MIA,A+,20.6,2028 Early,108,358,5,41.4,PJ,Kyle,224,358,240,108,195
8,213,Tony Blanco Jr.,1B,PIT,A+,21.1,2027 Late,205,303,5,22.7,Lucas,Kyle,293,303,205,209,208
8,214,Brendan Summerhill,OF,TBR,A,22.6,2027 Early,192,255,5,12.5,Lucas,PJ,240,196,192,255,227
8,215,Jace LaViolette,OF,CLE,A+,22.6,2027 Early,200,260,5,10.0,Tom,PJ,230,216,225,260,200
8,216,Enddy Azocar,OF,BOS,A+,19.3,2028 Late,96,305,5,43.0,PJ,Kyle,275,305,244,96,115
8,217,Daniel Pierce,SS,TBR,A,19.9,2029 MId,186,316,5,22.8,Greg,PJ,186,201,223,316,244
8,218,Mitch Bratt,P,ARI,AAA,23.0,2026 Mid,132,268,5,25.9,Lucas,PJ,242,184,132,268,261
8,219,Christian Oppor,P,CHW,AA,21.9,2028 Mid,188,337,5,31.0,Kyle,Lucas,217,188,337,190,310
8,220,Bishop Letson,P,MIL,AA,21.8,2027 Late,152,336,5,36.8,Greg,PJ,152,164,307,336,226
8,221,Ramon Marquez,P,PHI,A+,20.8,2029 Mid,123,273,5,28.5,Greg,Tom,123,245,174,263,273
8,222,Austin Overn,OF,TBR,AA,23.1,2026 Late,124,334,5,32.9,Tom,Greg,334,219,250,232,124
8,223,Jared Thomas,OF,COL,AA,23.0,2026 Late,187,444,5,27.3,Greg,Tom,187,247,190,213,444
8,224,Harry Ford,C,WSN,MLB,23.3,2025 Late,163,293,5,21.2,PJ,Lucas,233,264,293,163,225
8,225,Charlee Soto,P,MIN,A+,20.8,2026 Late,149,378,5,41.1,Greg,Tom,149,155,231,279,378
8,226,David Hagaman,P,ARI,A+,23.2,2026 Late,169,343,5,18.7,Tom,PJ,195,224,304,343,169
8,227,Marek Houston,SS,MIN,A+,22.2,2027 Early,191,322,5,22.5,Greg,PJ,191,237,197,322,234
8,228,Riley Quick,P,MIN,A+,22.2,2027 Early,157,277,5,23.6,Greg,Kyle,157,277,177,248,270
8,229,Anderson Brito,P,TBR,A+,22.0,2027 Mid,160,390,5,37.8,Tom,Kyle,234,390,248,188,160
8,230,Alex Clemmey,P,WSN,AA,20.9,2026 Late,176,261,5,14.7,Greg,PJ,176,243,228,261,259
8,231,Brandon Clarke,P,STL,A+,23.2,2026 Mid,201,345,5,25.1,Greg,PJ,201,230,267,345,205
8,232,Nick Becker,SS,SEA,A,19.6,2029 Early,188,258,5,11.8,Greg,Lucas,188,240,258,253,242
8,233,Carson Whisenhunt,P,SFG,MLB,25.7,2025 Late,212,357,5,25.5,Kyle,Greg,357,212,221,277,224
8,234,Jackson Ferris,P,LAD,AAA,22.4,2026 Mid,146,,4,74.4,Tom,PJ,160,195,441,,146
8,235,Kane Kepley,OF,CHC,A+,22.4,2028 Mid,211,265,5,8.5,Greg,Tom,211,256,242,242,265
8,236,Max Anderson,2B,DET,AAA,24.3,2026 Mid,198,360,5,27.5,Kyle,PJ,203,198,234,360,277
8,237,Enrique Bradfield Jr.,OF,BAL,AAA,24.6,2026 Mid,210,333,5,22.4,Tom,Lucas,231,306,333,224,210
8,238,Jonathan Santucci,P,NYM,AA,23.5,2027 Late,170,363,5,28.9,Greg,PJ,170,226,247,363,240
8,239,Ramon Ramirez,C,KCR,A+,21.0,2027 Mid,175,349,5,30.4,Tie,PJ,244,175,287,349,175
8,240,Termarr Johnson,2B,PIT,AAA,22.0,2026 Late,129,319,5,30.3,Kyle,Tom,298,129,249,218,319
8,241,JT Quinn,P,BAL,A+,22.2,2029 Mid,173,332,5,17.3,PJ,Tom,249,284,179,173,332
8,242,Jadher Areinamo,"2B,SS",TBR,AA,22.6,2026 Late,203,286,5,12.7,Tom,Lucas,268,239,286,245,203
8,243,Tai Peete,OF,STL,A+,20.9,2026 Late,180,289,5,16.9,Kyle,PJ,265,180,222,289,253
8,244,Kash Mayfield,P,SDP,A+,21.4,2028 Early,169,390,5,36.5,Greg,PJ,169,246,173,390,289
8,245,Cam Cannarella,OF,MIA,AA,22.8,2027 Mid,94,298,5,33.8,PJ,Kyle,274,298,182,94,272
8,246,Kruz Schoolcraft,P,SDP,A,19.2,2029 Late,220,399,5,33.0,Tie,Lucas,226,220,399,220,340
8,247,Johnny Slawinski,P,LAA,CPX,19.3,2028 Late,125,405,5,42.9,Lucas,Tom,306,252,125,181,405
8,248,Sean Gamble,SS,KCR,A,20.0,2029 Late,170,324,5,23.4,Kyle,Tom,263,170,261,203,324
8,249,Brady Ebel,SS,MIL,A,18.9,2029 Mid,91,342,5,37.0,PJ,Tom,279,271,207,91,342
8,250,Jaden Fauske,OF,CHW,A,19.6,2029 Late,229,311,5,13.7,Kyle,Greg,311,229,236,286,250
8,251,Bryce Meccage,P,MIL,A+,20.3,2027 Late,172,424,5,44.6,PJ,Tom,241,207,401,172,424
8,252,Kellon Lindsey,SS,LAD,A,20.8,2028 Early,113,332,5,21.0,PJ,Greg,332,286,238,113,274
8,253,Nestor German,P,BAL,AAA,24.3,2026 Late,219,406,5,18.7,Tom,PJ,286,248,246,406,219
8,254,Dylan Dreiling,OF,TEX,AA,23.2,2027 Mid,210,449,5,26.3,Lucas,Greg,449,234,210,234,363
8,255,Yorger Bautista,OF,SEA,CPX,18.8,2029 Late,247,336,5,9.2,Greg,Kyle,247,336,277,254,257
8,256,Cam Leiter,P,LAD,A,22.4,2027 Early,128,365,5,35.4,PJ,Kyle,336,365,268,128,235
8,257,Joseph Sullivan,OF,HOU,AA,24.0,2026 Mid,183,329,5,24.4,Tom,Lucas,213,319,329,276,183
8,259,Cristian Arguelles,OF,COL,CPX,19.0,2030 Late,246,385,5,22.1,Greg,PJ,246,251,260,385,312
8,260,Yophery Rodriguez,OF,BOS,A+,20.6,2027 Mid,220,371,5,23.8,Tom,Kyle,273,371,224,314,220
8,261,Eric Bitonti,1B,MIL,A+,20.6,2027 Mid,221,326,5,16.0,Kyle,Lucas,237,221,326,295,280
8,262,Dauri Fernandez,SS,CLE,A,19.3,2028 Late,193,342,5,22.7,Kyle,PJ,262,193,278,342,336
8,263,Korbyn Dickerson,OF,SEA,A,22.7,2028 Late,205,411,5,28.4,Kyle,Tom,315,205,270,265,411
8,264,T.J. Nichols,P,TBR,AA,24.0,2026 Late,227,338,5,16.1,Kyle,Lucas,305,227,338,282,252
8,265,Victor Figueroa,1B,BAL,A+,22.5,2027 Mid,168,438,5,35.6,Greg,Tom,168,281,263,284,438
8,266,Yolfran Castillo,"3B,SS",TEX,A+,19.4,2028 Late,179,393,5,25.1,PJ,Kyle,288,393,185,179,364
8,267,Slater de Brun,OF,TBR,CPX,19.1,2028 Late,218,368,5,22.7,Kyle,Tom,277,218,276,356,368
8,268,Robert Arias,OF,CLE,A,19.8,2028 Late,226,,4,50.7,Lucas,Kyle,426,,226,235,248
8,269,AJ Russell,P,TEX,A+,22.0,2027 Mid,168,341,5,24.2,Kyle,Greg,341,168,269,296,315
8,270,Tyson Hardin,P,MIL,AAA,24.6,2026 Late,157,397,5,37.1,Lucas,Tom,284,238,157,392,397
8,271,Shotaro Morii,SS,ATH,A,19.5,2029 Mid,138,,3,51.8,PJ,Tie,250,,,138,201
8,272,Jordan Yost,SS,DET,A,19.5,2029 Mid,78,448,5,50.9,PJ,Greg,448,379,241,78,295
8,273,Noble Meyer,P,MIA,A+,21.5,2026 Mid,192,378,5,27.2,PJ,Greg,378,241,349,192,296
8,274,Ricky Tiedemann,P,TOR,AAA,23.9,2026 Early,186,442,5,37.7,Kyle,Lucas,294,186,442,205,356
8,275,Yairo Padilla,SS,STL,CPX,19.0,2029 Mid,166,334,5,17.6,PJ,Tie,283,334,334,166,304
8,276,Cameron Maldonado,OF,SFG,A,22.6,2027 Mid,250,420,5,23.3,PJ,Greg,420,291,296,250,275
8,277,Sterlin Thompson,OF,COL,MLB,25.0,2026 Mid,221,343,5,17.8,Tom,Lucas,280,342,343,299,221
8,278,Argenis Cayama,P,SFG,A,19.8,2029 Early,84,359,5,39.7,Lucas,Tom,325,335,84,229,359
8,279,Dakota Jordan,OF,SFG,A+,23.1,2027 Mid,266,381,5,11.3,Greg,PJ,266,290,288,381,317
8,280,Brandon Compton,OF,MIA,A+,22.7,2027 Mid,181,432,5,35.2,Kyle,Tom,291,181,387,256,432
8,281,Patrick Forbes,P,ARI,A+,22.0,2027 Mid,245,413,5,26.2,Greg,PJ,245,262,285,413,383
8,282,Jesus Baez,"3B,SS",STL,A+,21.3,2027 Mid,160,380,5,36.0,Kyle,PJ,346,160,321,380,166
8,283,Antwone Kelly,P,PIT,AAA,22.8,2027 Mid,200,414,5,26.8,Kyle,Greg,414,200,306,266,302
8,284,Quentin Young,SS,MIN,A,19.3,2029 Late,248,373,5,19.2,Greg,Lucas,248,282,373,371,293
8,285,Luke Stevenson,C,SEA,A+,21.9,2027 Early,243,396,5,24.2,Greg,Kyle,243,396,292,269,390
8,286,Landyn Vidourek,OF,LAD,A,22.6,2027 Late,267,409,5,19.7,Kyle,Lucas,271,267,409,301,303
8,287,Ethan Petry,OF,WSN,AA,22.0,2027 Early,180,361,5,25.6,Lucas,Greg,361,255,180,318,350
8,288,Ethan Dorchies,P,MIL,A+,19.7,2028 Mid,249,369,5,15.7,Kyle,Tom,278,249,330,308,369
8,289,Chase Petty,P,CIN,MLB,23.2,2026 Late,257,375,5,16.1,Greg,Lucas,257,353,375,303,291
8,290,Johan De Los Santos,"2B,SS",PIT,A,17.9,2029 Late,110,,4,53.4,PJ,Lucas,256,399,,110,300
8,291,Jose Corniell,P,TEX,MLB,23.0,2026 Mid,270,362,5,8.8,PJ,Tom,333,307,303,270,362
8,292,Thayron Liranzo,C,DET,AA,23.0,2026 Mid,238,366,5,16.2,Greg,Tom,238,309,344,309,366
8,293,Landon Harmon,P,WSN,CPX,19.8,2030 Early,276,377,5,14.5,Kyle,Tom,301,276,300,361,377
8,294,Yhoiker Fajardo,P,STL,A+,19.7,2028 Mid,211,352,5,16.2,Lucas,Kyle,337,352,211,327,238
8,295,Breyson Guedez,OF,ATH,A,18.7,2029 Mid,147,423,5,35.5,PJ,Kyle,259,423,319,147,375
8,296,Juan Valera,P,BOS,A+,20.1,2028 Early,153,400,5,23.7,Greg,Lucas,153,333,400,328,260
8,297,Gary Gill Hill,P,TBR,AA,21.8,2027 Early,218,,4,43.9,Greg,Tom,218,260,439,285,
8,298,Cris Rodriguez,OF,DET,CPX,18.4,2029 Late,222,412,5,17.5,Kyle,Tom,316,222,318,283,412
8,299,Braden Nett,P,ATH,AAA,24.0,2026 Late,190,378,5,23.5,Greg,Lucas,190,317,378,351,311
8,300,Parks Harber,3B,SFG,AA,24.8,2026 Late,241,415,5,25.0,Tom,PJ,396,268,312,415,241
8,301,Diego Frontado,SS,MIL,DSL,17.8,2031 Mid,100,,4,40.2,PJ,Lucas,327,350,,100,246
8,302,Alfonsin Rosario,OF,CLE,AA,22.0,2027 Mid,272,416,5,18.2,Greg,Tom,272,332,317,287,416
8,303,Elorky Rodriguez,OF,TEX,CPX,18.5,2029 Late,278,358,5,12.4,Tom,Greg,358,283,328,355,278
8,304,Michael Lombardi,P,KCR,A,22.8,2026 Late,239,,3,52.9,PJ,Tie,,266,280,239,
8,305,Tanner Franklin,P,STL,A+,22.1,2027 Late,229,,4,29.7,Greg,Lucas,229,274,,333,316
8,306,Owen Ayers,C,CHC,AA,25.1,2028 Mid,155,,4,39.5,Tom,PJ,225,449,324,,155
8,307,Brendan Jones,OF,MIA,AA,24.2,2026 Mid,313,393,5,8.7,Kyle,Tom,356,313,316,323,393
8,308,Gabriel Rincones Jr.,OF,PHI,MLB,25.3,2026 Mid,172,,4,43.5,Tom,PJ,314,310,432,,172
8,309,Deniel Ortiz,"1B,3B",STL,AA,21.8,2028 Early,263,430,5,18.2,Kyle,Tom,329,263,272,384,430
8,310,Diego Tornes,OF,ATL,CPX,18.0,2029 Late,168,436,5,25.2,PJ,Greg,436,339,374,168,321
8,311,Robert Calaz,OF,COL,A+,20.6,2027 Mid,177,383,5,28.2,Kyle,Lucas,260,177,383,378,353
8,312,Yasser Mercedes,OF,MIN,A+,21.6,2028 Early,208,,4,39.7,PJ,Tom,309,439,315,208,
8,313,Mikey Romero,"2B,3B,SS",BOS,AAA,22.5,2027 Early,259,,3,49.4,Kyle,Tie,,259,294,,269
8,314,Chase Hampton,P,NYY,AA,24.9,2026 Late,293,402,5,15.1,PJ,Lucas,318,329,402,293,395
8,315,Ben Jacobs,P,DET,A+,22.0,2028 Mid,254,427,5,24.3,Tom,Greg,427,412,274,337,254
8,316,Ryan Mitchell,SS,STL,A,19.4,2029 Late,297,436,5,19.9,Kyle,Lucas,317,297,436,324,421
8,317,Charles McAdoo,3B,TOR,MLB,24.3,2026 Late,206,,4,36.9,Tom,PJ,328,321,389,,206
8,318,Raudi Rodriguez,OF,LAA,AA,23.0,2027 Late,219,,4,37.9,Lucas,Tom,409,272,219,331,
8,320,Matthew Fisher,P,PHI,A,20.3,2030 Early,293,403,5,14.2,Kyle,PJ,371,293,301,403,343
8,321,Blaine Bullard,OF,TOR,A,19.9,2029 Late,256,383,5,12.2,Lucas,Kyle,353,383,256,326,351
8,322,Owen Carey,OF,ATL,A+,19.9,2028 Late,146,433,5,34.2,Lucas,Kyle,359,433,146,310,400
9,323,Wilton Guerrero Jr.,SS,PIT,DSL,17.1,2031 Mid,211,,3,43.2,Tom,Tie,321,,,247,211
9,324,Ben Hess,P,NYY,AA,23.8,2026 Late,259,394,5,13.7,PJ,Tom,362,360,302,259,394
9,325,Coy James,SS,WSN,A,19.4,2030 Late,255,386,5,15.3,Lucas,Greg,386,357,255,353,365
9,326,Sadbiel Delzine,P,BOS,,18.5,2030 Mid,230,441,5,28.6,PJ,Greg,441,366,243,230,403
9,327,James Quinn-Irons,OF,TBR,A,23.0,2028 Mid,270,,4,32.7,Kyle,Greg,,270,331,311,449
9,328,Leonardo Bernal,C,STL,AAA,22.4,2026 Late,280,416,5,17.6,PJ,Lucas,322,351,416,280,414
9,329,Luke Hill,3B,CLE,AA,22.2,2027 Late,181,,3,49.7,Lucas,Tie,324,324,181,,
9,330,Joendry Vargas,SS,LAD,A,20.6,2027 Mid,269,409,5,19.3,Tie,Tom,269,269,371,373,409
9,331,Handelfry Encarnacion,OF,MIL,A,19.1,2028 Late,125,,3,55.0,PJ,Tie,,340,305,125,
9,332,Jose Urbina,P,TBR,A+,20.6,2028 Mid,209,428,5,26.1,Kyle,Tom,281,209,380,377,428
9,333,PJ Morlando,OF,MIA,A,21.1,2028 Early,257,,4,31.8,Kyle,PJ,307,257,424,,348
9,334,Cole Mathis,3B,CHC,A+,22.9,2026 Mid,232,,3,45.0,Greg,Tie,232,330,,,307
9,335,Aidan West,SS,LAD,CPX,19.2,2030 Mid,289,392,5,10.2,Lucas,Tom,369,375,289,341,392
9,336,Joey Oakie,P,CLE,A,20.1,2028 Early,292,386,5,12.4,Tie,PJ,292,292,381,386,376
9,337,Tekoah Roby,P,STL,AAA,24.8,2026 Mid,336,382,5,4.9,Lucas,PJ,365,359,336,382,367
9,338,Kohl Drake,P,ARI,AAA,25.9,2026 Late,282,,4,24.6,Greg,PJ,282,338,348,,420
9,339,Ethan Pecko,P,HOU,AAA,23.8,2026 Mid,282,,3,40.8,Lucas,Tie,,304,282,,331
9,340,Ryan Wideman,OF,SDP,A,22.6,2028 Mid,220,,3,45.2,Lucas,Tie,343,294,220,,
9,341,Griffin Burkholder,OF,PHI,A,20.8,2028 Early,185,,4,32.3,PJ,Tom,431,362,357,185,
9,342,Kelvis Salcedo,P,DET,A,20.4,2028 Mid,254,412,5,22.4,Greg,PJ,254,397,262,412,387
9,343,Chris Suero,"C,OF",NYM,AA,22.4,2027 Mid,315,394,5,8.9,PJ,Kyle,387,394,372,315,371
9,344,Eduardo Beltre,OF,MIN,A,19.7,2028 Late,322,,3,36.7,Lucas,Tie,330,327,322,,
9,346,Aaron Watson,P,CIN,CPX,19.5,2028 Late,235,,3,41.7,Kyle,Tie,344,235,335,,
9,347,Chase Shores,P,LAA,A+,22.1,2026 Early,229,,3,43.6,Lucas,Tie,354,,229,292,
9,348,Braxton Bragg,P,BAL,AA,25.7,2026 Late,353,410,5,6.7,Lucas,Tom,355,376,353,387,410
9,349,Bryce Cunningham,P,NYY,A+,23.5,2026 Mid,335,435,5,10.5,Greg,Tom,335,356,379,376,435
9,350,James Triantos,"OF,2B,3B",CHC,AAA,23.4,2026 Mid,264,,4,27.5,Greg,Tom,264,349,370,408,
9,351,Matt Wilkinson,P,SFG,AAA,23.5,2026 Mid,180,,3,48.7,PJ,Tie,,369,,180,258
9,352,Welbyn Francisca,SS,CLE,A+,20.1,2027 Early,280,,4,27.1,Kyle,Lucas,374,280,,397,318
9,353,Tre' Morgan,1B,TBR,AAA,23.9,2026 Early,302,413,5,15.5,Kyle,Tom,304,302,408,391,413
9,354,Jaden Hamm,P,DET,AA,23.8,2027 Mid,299,,4,25.8,Greg,Tom,299,328,427,369,
9,355,Andrew Salas,OF,MIA,A,18.3,2029 Late,276,445,5,16.6,Greg,Kyle,276,445,392,395,330
9,356,Jake Bloss,P,TOR,MLB,25.0,2024 Mid,122,,3,50.6,PJ,Tie,,325,376,122,
9,357,Brody Brecht,P,COL,A+,23.7,2026 Late,212,,3,43.2,Lucas,Tie,300,,212,367,
9,358,Sean Paul Linan,P,NYY,AAA,21.6,2026 Late,306,,3,35.7,PJ,Tie,320,,351,306,
9,359,Blade Tidwell,P,SFG,MLB,25.1,2025 Early,342,439,5,11.0,Greg,Tom,342,421,364,379,439
9,360,Alex Lodise,SS,ATL,A+,22.3,2026 Mid,331,437,5,11.0,Greg,Tom,331,409,385,368,437
9,361,Zach Cole,OF,HOU,MLB,25.9,2026 Early,297,,4,24.8,Lucas,Greg,,391,297,302,423
9,362,Thomas Harrington,P,PIT,MLB,25.0,2025 Early,370,419,5,5.2,Tom,Kyle,388,419,405,383,370
9,363,Eduardo Rivera,P,BOS,MLB,23.0,2026 Mid,209,,3,42.0,Tom,Tie,313,382,,,209
9,364,Brennen Davis,OF,SEA,AAA,26.6,2024 Late,323,,3,33.2,Tom,Tie,,,365,329,323
9,365,Mason Neville,OF,CIN,A,22.5,2028 Early,325,,4,22.0,PJ,Greg,,441,384,325,357
9,366,Walker Janek,C,HOU,AA,23.8,2027 Late,328,,4,20.9,Tom,Greg,,368,388,399,328
9,367,Ixan Henderson,P,STL,AA,24.4,2026 Mid,346,,4,19.8,PJ,Tom,368,387,395,346,
9,368,Gabe Davis,P,CHW,AA,,2027 Mid,265,,4,29.4,Lucas,PJ,446,295,265,,406
9,369,Ezequiel Melbourne,SS,LAD,DSL,17.1,2031 Mid,251,,3,35.5,PJ,Tie,385,,,251,329
9,370,Adam Serwinowski,P,LAD,AA,22.1,2026 Mid,346,,3,30.0,Kyle,Tie,351,346,,370,
9,371,Marcus Phillips,P,BOS,A+,21.9,2027 Mid,261,,4,29.8,Kyle,PJ,285,261,420,,429
9,372,Roc Riggio,2B,COL,AA,24.0,2026 Mid,279,,4,27.9,Kyle,Tom,296,279,415,437,
9,373,Winston Santos,P,TEX,AAA,24.2,2026 Mid,308,,4,21.9,Kyle,Lucas,366,308,,405,415
9,374,Miguel Ullola,P,HOU,AAA,24.0,2026 Early,295,,4,24.2,Greg,Tom,295,415,419,317,
9,375,Juaron Watts-Brown,P,BAL,AA,24.3,2027 Mid,348,,4,18.7,Kyle,Greg,,348,404,372,419
9,376,Nick Morabito,OF,NYM,MLB,23.1,2026 Late,312,,3,31.3,PJ,Tie,,,346,312,388
9,377,Dean Curley,SS,CLE,A+,22.2,2027 Mid,340,,3,28.7,Greg,Tie,340,384,363,,
9,378,Hyun Seung Lee,3B,PIT,A,18.4,2029 Mid,263,,3,37.1,Tom,Tie,,408,291,,263
9,379,Hector Osorio,OF,TEX,A+,21.2,2028 Late,165,,3,45.0,Tom,Tie,424,288,,,165
9,380,Fabricio Blanco,SS,TBR,DSL,17.7,2031 Mid,332,,3,29.6,Lucas,Tie,,,332,394,334
9,381,Cristofer Torin,"2B,SS",ARI,AA,21.1,2027 Mid,333,,4,19.2,Tom,Lucas,392,410,,450,333
9,382,Hendry Mendez,OF,MIN,AAA,22.6,2026 Late,99,,3,52.5,Tom,Tie,445,244,,,99
9,383,Asbel Gonzalez,OF,KCR,AA,20.5,2027 Mid,346,,3,28.5,Tom,Tie,395,347,,,346
9,384,Bruin Agbayani,2B,MIN,A,19.3,2029 Mid,244,,3,35.5,PJ,Tie,,343,412,244,
9,385,Dean Livingston,P,ARI,A,19.8,2029 Mid,155,,3,47.0,Lucas,Tie,444,253,155,,
9,386,Wilberson De Pena,OF,NYY,CPX,19.6,2030 Mid,228,,3,42.1,Tom,Tie,,437,,238,228
9,387,Creed Willems,"C,1B",BAL,AAA,23.1,2026 Mid,289,,3,32.2,Greg,Tie,289,,417,332,
9,388,Cooper Kinney,"2B,3B",TBR,AAA,23.4,2027 Mid,339,,4,18.9,Greg,Lucas,339,373,,443,425
9,389,Jonah Cox,OF,SFG,MLB,24.9,2026 Mid,209,,3,42.2,Lucas,Tie,443,,209,,255
9,390,Joe Whitman,P,SFG,AAA,24.8,2026 Mid,281,,3,32.1,Lucas,Tie,,345,281,421,
9,392,Kale Fountain,1B,SDP,A,20.9,2028 Early,403,,4,13.6,Kyle,Lucas,410,403,,418,446
9,393,Patrick Copen,P,LAD,AA,24.4,2026 Mid,322,,3,27.3,Tom,Tie,416,,377,,322
9,394,Josh Kasevich,SS,TOR,AAA,25.4,2026 Early,300,,3,29.0,PJ,Tie,389,,418,300,
9,395,Joshua Flores,P,MIL,CPX,19.0,2030 Late,388,,3,22.4,PJ,Tie,405,,397,388,
9,396,Jose Anderson,OF,MIL,A,19.6,2028 Late,389,,4,14.2,Tom,PJ,404,424,448,,389
9,396,Jose Anderson,OF,MIL,A,19.6,2028 Late,389,,4,14.2,Tom,PJ,404,424,448,,389
9,397,Juan Brito,"2B,SS",CLE,MLB,24.8,2026 Mid,232,,3,37.0,Kyle,Tie,303,232,,441,
9,398,Elian Rosario,3B,TEX,DSL,17.7,2031 Mid,257,,3,34.6,PJ,Tie,434,331,,257,
9,399,Max Belyeu,OF,COL,A+,22.5,2027 Mid,316,,3,28.5,Kyle,Tie,349,316,423,,
9,400,Brandon Winokur,"OF,3B,SS",MIN,A+,21.5,2026 Late,284,,3,29.1,Lucas,Tie,,,284,410,418
9,401,Will Watson,P,NYM,AA,23.6,2026 Late,233,,3,33.3,Kyle,Tie,408,233,,,427
9,402,Dylan O'Rae,"OF,2B",MIL,AA,22.4,2027 Mid,323,,3,26.0,Lucas,Tie,419,,323,393,
9,403,John Holobetz,P,BOS,AA,23.9,2027 Mid,395,,4,13.6,Kyle,PJ,428,395,403,,447
9,404,Khristian Curtis,P,PIT,AAA,24.1,2027 Late,323,,3,27.3,Kyle,Tie,425,323,,357,
9,405,Wuilfredo Antunez,OF,CLE,AA,24.1,2029 Late,355,,3,23.5,Kyle,Tie,415,355,,,399
9,406,Pico Kohn,P,NYY,A+,23.7,2027 Late,381,,3,22.0,Greg,Tie,381,,396,414,
9,407,Cade Obermueller,P,PHI,A,22.9,2027 Early,339,,3,24.4,Lucas,Tie,397,420,339,,
9,408,Druw Jones,OF,ARI,AA,22.6,2026 Late,367,,3,22.4,Greg,Tie,367,418,,402,
9,409,Colby Shelton,SS,CHW,AA,23.6,2028 Mid,370,,3,22.8,Kyle,Tie,422,370,,,382
9,410,Louis Andujar,3B,BOS,A,18.8,2029 Late,320,,3,26.9,PJ,Tie,,398,,320,426
9,411,Junior Sanchez,P,ARI,AA,20.8,2027 Late,286,,3,27.8,Tom,Tie,432,405,,,286
9,412,Samuel Zavala,OF,CHW,AA,21.9,2026 Mid,271,,3,32.7,Lucas,Tie,,,271,448,309
9,413,Tink Hence,P,STL,AAA,23.9,2026 Early,345,,3,25.8,Greg,Tie,345,,,347,433
9,414,Jeral Perez,"2B,SS",CHW,AA,21.6,2028 Early,314,,3,28.1,Kyle,Tie,338,314,,,440
9,415,Jackson Lovich,1B,NYY,A,22.6,2029 Mid,319,,3,28.7,PJ,Tie,,444,320,319,
9,416,Brian Curley,P,ARI,A+,23.1,2028 Late,301,,3,28.0,Kyle,Tie,413,301,,,434
9,417,Jacob Odle,P,STL,A+,22.6,2028 Mid,311,,3,28.0,Kyle,Tie,447,311,,,339
9,418,Brayden Taylor,"2B,3B",TBR,AA,24.1,2026 Mid,297,,3,26.0,Greg,Tie,297,422,,440,
9,419,Chase Davis,OF,STL,AA,24.6,2026 Early,361,,3,22.3,Lucas,Tie,,389,361,436,
9,420,Dean Moss,OF,TBR,A,20.2,2029 Mid,358,,3,21.7,Lucas,Tie,,434,358,409,
9,421,Tucker Toman,3B,TOR,A+,22.6,2028 Mid,400,,3,19.3,PJ,Tie,430,,407,400,
9,422,Brailyn Antunez,OF,MIL,CPX,18.6,2029 Late,360,,3,22.5,Greg,Tie,360,,433,434,
9,423,Dorian Soto,SS,BOS,CPX,18.4,2029 Early,398,,3,21.0,Greg,Tie,398,,437,,404
9,424,Jackson Baumeister,P,TBR,AA,24.0,2026 Mid,350,,3,24.4,Greg,Tie,350,,450,396,
9,425,Brailer Guerrero,OF,TBR,A,20.0,2027 Late,365,,3,20.0,PJ,Tie,,,430,365,448
9,426,Jared Jones,1B,PIT,A+,22.9,2028 Mid,408,,3,18.7,Tom,Tie,,432,,449,408
9,427,Seong-Jun Kim,SS,TEX,CPX,19.2,2031 Mid,107,,2,61.6,PJ,Tie,,,266,107,
9,428,Justin Lamkin,P,KCR,AA,22.1,2028 Mid,230,,2,53.4,Tom,Tie,,,,237,230
9,430,Axiel Plaz,C,PIT,A+,20.9,2027 Mid,216,,2,49.8,Greg,Tie,216,,313,,
9,431,Juan Martinez,"2B,3B",MIL,CPX,19.2,2030 Late,252,,2,43.3,Greg,Tie,252,,,,290
9,432,Coleman Crow,P,MIL,MLB,25.5,2026 Mid,258,,2,42.6,Kyle,Tie,,258,295,,
9,433,William Bergolla,SS,CHW,AAA,21.7,2027 Late,258,,2,41.7,Greg,Tie,258,,,307,
9,434,Lonnie White Jr.,OF,PIT,AA,23.5,2028 Early,273,,2,41.6,PJ,Tie,,,,273,292
9,435,Dillon Lewis,OF,MIA,AA,23.0,2026 Late,283,,2,46.2,Lucas,Tie,,287,283,,
9,436,Victor Valdez,SS,TBR,DSL,17.8,2031 Mid,270,,2,45.9,Greg,Tie,270,,,,306
9,437,Jake Bennett,P,BOS,MLB,25.6,2026 Late,168,,2,50.5,Lucas,Tie,,414,168,,
9,438,Austin Charles,"3B,SS",KCR,A+,22.6,2028 Late,296,,2,44.3,Kyle,Tie,,296,,,301
9,439,Henry Lalane,P,NYY,A,22.1,2027 Late,193,,2,42.3,Tom,Tie,411,,,,193
9,440,Jack Cebert,P,NYY,AA,24.2,2028 Mid,186,,2,42.6,PJ,Tie,,,421,186,
9,441,Luis Guanipa,OF,ATL,A,20.5,2028 Late,193,,2,42.0,PJ,Tie,,416,,193,
9,442,Kaleb Wing,P,CHC,A,19.5,2029 Late,300,,2,43.5,Kyle,Tie,,300,309,,
9,443,Kahlil Watson,"OF,SS",CLE,AAA,23.2,2026 Late,212,,2,40.6,Tom,Tie,,,,401,212
9,444,Denzer Guzman,"3B,SS",LAA,MLB,22.4,2026 Mid,176,,2,42.8,Tom,Tie,442,,,,176
9,445,Albert Fermin,SS,HOU,DSL,17.4,2031 Mid,271,,2,43.2,Tom,Tie,352,,,,271
9,446,Joswa Lugo,SS,LAA,CPX,19.4,2028 Late,274,,2,42.9,PJ,Tie,,,,274,352
9,447,Yordanny Monegro,P,BOS,AA,23.7,2026 Late,308,,2,36.2,Tom,Tie,326,,,,308
9,448,Miguel Bleis,OF,BOS,AA,22.3,2026 Late,265,,2,36.7,Kyle,Tie,373,265,,,
9,449,Nate Snead,P,LAA,AA,22.3,2028 Mid,312,,2,41.6,Kyle,Tie,,312,,,325
9,450,Bryan Rincon,SS,PHI,AA,22.4,2027 Late,199,,2,40.2,Lucas,Tie,,440,199,,
9,451,Christian Franklin,OF,WSN,AAA,26.6,2026 Mid,294,,2,34.9,PJ,Tie,,,362,294,
9,452,Riley Cornelio,P,WSN,MLB,26.1,2026 Mid,305,,2,34.6,PJ,Tie,,,352,305,
9,453,Zach Thornton,P,NYM,MLB,24.4,2026 Mid,279,,2,35.0,Lucas,Tie,,381,279,,
9,454,Svert Reinoso,SS,CLE,DSL,17.6,2031 Mid,326,,2,39.9,Tom,Tie,,,,335,326
9,454,Svert Reynoso,SS,CLE,DSL,17.6,2031 Mid,326,,2,39.9,Tom,Tie,,,,335,326
9,456,Tim Piasentin,3B,TOR,CPX,19.3,2028 Late,321,,2,32.0,PJ,Tie,,377,,321,
9,457,Victor Arias,OF,TOR,AA,22.8,2026 Late,318,,2,31.8,Kyle,Tie,383,318,,,
9,458,Edgar Montero,SS,ATH,A,19.6,2029 Late,327,,2,37.3,Tom,Tie,375,,,,327
9,459,Conor Essenburg,"OF,P",ATL,A,19.8,2029 Late,262,,2,40.3,PJ,Tie,,442,,262,
9,460,Sean Sullivan,P,COL,MLB,23.9,2026 Mid,319,,2,31.5,Greg,Tie,319,385,,,
9,461,Dalton Pence,P,TEX,AA,23.8,2027 Late,259,,2,40.4,Lucas,Tie,,448,259,,
9,462,Enmanuel Merlo,SS,MIN,DSL,17.6,2031 Mid,347,,2,36.7,Greg,Tie,347,,,,360
9,463,Daniel Guerra,P,TOR,A+,22.3,2028 Mid,311,,2,31.1,Lucas,Tie,,401,311,,
9,464,Juan Parra,SS,PHI,DSL,17.6,2031 Mid,313,,2,37.2,Tom,Tie,399,,,,313
9,465,Jake Munroe,3B,LAA,A+,22.8,2029 Mid,344,,2,36.0,Kyle,Tie,,344,,,374
9,466,Emilien Pitre,"2B,SS",TBR,AA,23.7,2028 Mid,340,,2,29.9,Lucas,Tie,,380,340,,
9,467,Eli Serrano III,OF,NYM,AA,23.2,2028 Mid,335,,2,29.9,Tom,Tie,,,386,,335
9,468,Wilber Dotel,P,PIT,MLB,23.8,2027 Early,283,,2,31.7,Tom,Tie,439,,,,283
9,469,Jansel Luis,"2B,3B",ARI,AA,21.3,2027 Early,299,,2,30.7,Lucas,Tie,,426,299,,
9,471,Kaeden Kent,SS,NYY,A+,22.8,2028 Mid,341,,2,29.2,Lucas,Tie,,,341,,386
9,472,Sammy Stafura,SS,PIT,A+,21.6,2027 Mid,364,,2,28.8,Kyle,Tie,,364,,366,
9,473,Samil Serrano,OF,WSN,DSL,17.6,2031 Mid,341,,2,35.2,Kyle,Tie,,341,,,391
9,474,Malachi Witherspoon,P,DET,A,21.9,2028 Early,361,,2,28.3,Kyle,Tie,377,361,,,
9,475,Nicolas Carreno,P,NYM,A+,20.0,2030 Mid,308,,2,36.0,Lucas,Tie,435,,308,,
9,476,Luke Sinnard,P,ATL,A+,23.7,2027 Mid,355,,2,34.3,Lucas,Tie,,388,355,,
9,477,Gregory Pio,OF,SEA,DSL,16.5,2030 Mid,313,,2,28.9,PJ,Tie,,435,,313,
9,478,Talon Haley,P,LAA,A,20.4,2029 Mid,362,,2,27.3,PJ,Tie,390,,,362,
9,479,Angel De Los Santos,SS,DET,CPX,18.3,2029 Late,359,,2,33.3,PJ,Tie,,400,,359,
9,480,Ricky Moneys,SS,MIL,DSL,17.7,2031 Mid,354,,2,33.3,PJ,Tie,,,,354,407
9,481,Jojo Ingrassia,P,BOS,A+,23.9,2026 Late,369,,2,26.2,Lucas,Tie,400,,369,,
10,482,Michael Martinez,OF,ATL,A,19.4,2029 Mid,363,,2,26.2,Kyle,Tie,407,363,,,
10,483,Trey Gregory-Alford,P,LAA,A,22.1,2028 Mid,363,,2,26.2,Greg,Tie,363,407,,,
10,484,Easton Carmichael,C,PIT,A+,22.6,2029 Mid,339,,2,26.6,PJ,Tie,,,434,339,
10,485,Paulino Santana,OF,TEX,A,19.6,2027 Late,379,,2,25.7,Tom,Tie,394,,,,379
10,486,Levi Sterling,P,PIT,A,19.8,2028 Late,361,,2,25.6,Tom,Tie,,,,419,361
10,487,Keyner Benitez,P,MIA,A,20.1,2029 Mid,379,,2,31.6,Greg,Tie,379,,,,402
10,488,Josh Knoth,P,MIL,A+,20.9,2027 Mid,370,,2,25.1,Greg,Tie,370,413,,,
10,489,Carson DeMartini,"3B,SS",PHI,AA,23.5,2027 Early,380,,2,24.9,Greg,Tie,380,404,,,
10,490,Conrad Cason,P,BOS,CPX,19.9,2030 Mid,340,,2,32.6,PJ,Tie,,447,,340,
10,491,Miguel Mendez,P,SDP,AA,24.0,2027 Late,384,,2,24.6,Tom,Tie,403,,,,384
10,492,James Ellwanger,P,MIN,A,22.1,2028 Mid,372,,2,31.3,Kyle,Tie,417,372,,,
10,493,Luis Cova,OF,MIA,A,19.4,2029 Mid,364,,3,22.1,Greg,Tie,364,,,427,450
10,494,Nate Payne,P,MIA,A+,20.9,2027 Late,374,,2,30.8,Kyle,Tie,423,374,,,
10,495,Mavis Graves,P,PHI,A+,22.6,2028 Early,367,,2,24.0,Lucas,Tie,438,,367,,
10,496,Cristian Hernandez,SS,MIA,AA,22.5,2026 Late,391,,2,29.8,Greg,Tie,391,,,417,
10,497,Wellington Aracena,P,ARI,A+,21.5,2027 Late,392,,2,29.6,Kyle,Tie,418,392,,,
10,498,Braylin  Morel,OF,TEX,A,20.4,2026 Late,386,,2,23.0,Kyle,Tie,429,386,,,
10,499,Jose Chirinos,P,NYM,A+,21.7,2029 Early,373,,2,23.2,Tom,Tie,,443,,,373
10,500,Carter Johnson,"2B,SS",MIA,A,20.3,2027 Late,390,,2,22.4,Lucas,Tie,,,390,433,
10,501,RJ Schreck,OF,TOR,AAA,26.0,2026 Mid,406,,2,28.7,Kyle,Tie,,406,,,417
10,502,Payton Eeles,"2B,SS",BAL,AAA,26.6,2026 Mid,382,,2,22.4,Greg,Tie,382,,444,,
10,503,Michael Oliveto,C,DET,CPX,19.4,2030 Early,391,,2,22.0,Lucas,Tie,,,391,439,
10,504,Drue Hackenberg,P,ATL,AAA,24.2,2026 Early,411,,2,21.7,Kyle,Tie,,411,,420,
10,505,Jose Mejia,3B,ARI,A+,20.7,2029 Late,404,,2,21.4,PJ,Tie,433,,,404,
10,506,Vance Honeycutt,OF,BAL,A+,23.1,2026 Mid,413,,2,21.2,Lucas,Tie,,,413,425,
10,507,Billy Amick,"1B,3B",MIN,AA,23.6,2027 Early,414,,2,26.7,Lucas,Tie,,,414,438,
10,508,George Wolkow,OF,CHW,A+,20.5,2028 Mid,424,,2,26.2,PJ,Tie,,,435,424,
10,509,Jackson Kent,P,WSN,AAA,23.4,2026 Late,133,,1,56.5,Tom,Tie,,,,,133
10,510,Mason Peters,P,SEA,A,22.5,2029 Mid,168,,1,53.4,Tom,Tie,,,,,168
10,511,DJ Layton,2B,BAL,A,,2029 Mid,187,,1,51.6,PJ,Tie,,,,187,
10,512,Darell Morel,SS,PIT,A,18.8,2031 Mid,195,,1,67.0,PJ,Tie,,,,195,
10,513,CJ Hughes,SS,MIL,,18.8,2030 Mid,196,,1,50.7,PJ,Tie,,,,196,
10,514,Zach Ehrhard,OF,LAD,AAA,23.4,2026 Mid,207,,1,49.6,Greg,Tie,207,,,,
10,515,Davian Garcia,P,WSN,AA,22.7,2028 Early,214,,1,48.9,PJ,Tie,,,,214,
10,516,Zane Taylor,P,ATH,AAA,24.1,2027 Late,217,,1,48.6,Lucas,Tie,,,217,,
10,517,Dylan Jordan,P,LAA,A,20.7,2028 Late,222,,1,63.9,Greg,Tie,222,,,,
10,518,Jason Schiavone,C,HOU,AA,23.3,2028 Mid,237,,1,46.7,Lucas,Tie,,,237,,
10,519,Luis Arana,"3B,SS",MIA,A,18.3,2030 Mid,239,,1,46.4,Tom,Tie,,,,,239
10,520,Seojun Moon,P,TOR,CPX,19.1,2031 Mid,243,,1,61.5,PJ,Tie,,,,243,
10,521,Drew Cavanaugh,C,SFG,AAA,24.4,2027 Mid,245,,1,45.7,Tom,Tie,,,,,245
10,522,Nestor Lorant,P,CIN,AA,24.1,2028 Mid,256,,1,44.7,Tom,Tie,,,,,256
10,523,Miguel Caraballo,C,SFG,CPX,17.8,2030 Mid,258,,1,44.5,PJ,Tie,,,,258,
10,524,Brooks Caple,P,CHC,AA,23.8,2028 Early,264,,1,43.9,Tom,Tie,,,,,264
10,525,Eliazar Dishmey,P,MIA,AA,21.7,2028 Mid,266,,1,43.6,Tom,Tie,,,,,266
10,526,Mason McGwire,P,CHC,A+,22.5,2028 Late,267,,1,43.5,Tom,Tie,,,,,267
10,527,Adrian Santana,SS,TBR,A+,20.9,2029 Mid,268,,1,43.3,Tom,Tie,,,,,268
11,528,Yoniel Curet,P,DET,AAA,23.6,2026 Early,278,,1,42.4,PJ,Tie,,,,278,
11,529,Juan Matheus,3B,MIA,AA,22.2,2028 Mid,279,,1,42.2,Tom,Tie,,,,,279
11,530,Rubel Arias,OF,LAD,DSL,17.5,2031 Mid,287,,1,56.5,Tom,Tie,,,,,287
11,531,Liomar Martinez,P,MIA,A+,21.0,2028 Late,288,,1,41.3,Tom,Tie,,,,,288
11,532,Aaron Walton,OF,CLE,A+,22.1,2028 Early,290,,1,56.2,Greg,Tie,290,,,,
11,533,Jayden Dubanewicz,P,MIL,A+,20.3,2029 Early,297,,1,40.4,Tom,Tie,,,,,297
11,534,Jose Verdugo,SS,SDP,A,18.8,2029 Mid,298,,1,40.3,PJ,Tie,,,,298,
11,536,Matthew Ferrara,2B,PHI,A,19.1,2030 Mid,304,,1,39.6,PJ,Tie,,,,304,
11,537,Kyle DeBarge,"2B,SS",MIN,AA,23.0,2027 Mid,310,,1,53.9,Greg,Tie,310,,,,
11,538,Chen-Wei Lin,P,STL,AA,24.6,2027 Early,320,,1,38.2,Kyle,Tie,,320,,,
11,539,Teilon Serrano,OF,MIN,CPX,18.1,2029 Mid,325,,1,37.7,Lucas,Tie,,,325,,
11,540,Brendan Tunink,OF,LAD,A,20.7,2028 Mid,327,,1,52.0,Lucas,Tie,,,327,,
11,541,Brandon Birdsell,P,CHC,AAA,26.3,2027 Mid,337,,1,50.9,Tom,Tie,,,,,337
11,542,Cayden Wallace,3B,WSN,AA,24.9,2027 Early,342,,1,36.0,Lucas,Tie,,,342,,
11,543,Tyson Neighbors,P,BAL,AA,23.7,2026 Mid,341,,1,36.2,Tom,Tie,,,,,341
11,544,Randy Guzman,1B,NYM,A,21.2,2028 Late,345,,1,49.9,Lucas,Tie,,,345,,
11,545,Dylan Brown,P,BOS,A+,22.0,2029 Mid,345,,1,35.7,Tom,Tie,,,,,345
11,546,Jesus Rodriguez,C,SFG,MLB,24.2,2026 Mid,347,,1,35.4,Lucas,Tie,,,347,,
11,547,Mac Horvath,"OF,2B",TBR,AA,24.9,2026 Mid,348,,1,35.3,Greg,Tie,348,,,,
11,548,Ronny Hernandez,C,CHW,A+,21.6,2028 Mid,349,,1,35.1,Tom,Tie,,,,,349
11,549,Deyvison De Los Santos,"1B,3B",MIA,MLB,23.0,2026 Mid,350,,1,35.0,PJ,Tie,,,,350,
11,550,Jacob Morrison,P,MIL,A,22.8,2027 Late,354,,1,48.9,Lucas,Tie,,,354,,
11,551,Ethan Bagwell,P,ATL,A,20.3,2029 Mid,354,,1,48.9,Tom,Tie,,,,,354
11,552,Ryan Ward,"OF,1B",LAD,MLB,28.3,2026 Mid,356,,1,34.3,Lucas,Tie,,,356,,
11,553,Keyner Martinez,P,SFG,A,21.9,2029 Mid,355,,1,34.4,Tom,Tie,,,,,355
11,554,Lucas Ramirez,OF,LAA,A+,20.4,2028 Late,359,,1,33.9,Lucas,Tie,,,359,,
11,555,Jose Acuna,P,CIN,AAA,23.7,2027 Mid,358,,1,34.0,Tom,Tie,,,,,358
11,556,Craig Yoho,P,MIL,MLB,26.7,2025 Early,366,,1,33.3,Lucas,Tie,,,366,,
11,557,Shane Drohan,P,MIL,MLB,27.5,2026 Mid,368,,1,47.3,Lucas,Tie,,,368,,
11,558,Angel Feliz,SS,WSN,A+,19.6,2029 Mid,372,,1,46.9,Greg,Tie,372,,,,
11,559,Trevor Cohen,OF,SFG,A+,22.7,2028 Mid,372,,1,46.9,Tom,Tie,,,,,372
11,560,Truitt Madonna,C,SDP,A,19.3,2029 Mid,374,,1,32.4,PJ,Tie,,,,374,
11,561,Deward Tovar,OF,TEX,A,20.2,2030 Mid,375,,1,32.3,PJ,Tie,,,,375,
11,562,Johanfran Garcia,C,BOS,AA,21.5,2027 Late,376,,1,32.1,Greg,Tie,376,,,,
11,563,Easton Shelton,1B,LAD,A+,20.8,2029 Mid,380,,1,31.8,Tom,Tie,,,,,380
11,564,Jean Carlos Sio,"2B,SS",SFG,AA,22.2,2028 Mid,381,,1,31.6,Tom,Tie,,,,,381
11,565,Levi Wells,P,BAL,AAA,24.8,2026 Mid,382,,1,45.7,Lucas,Tie,,,382,,
11,566,Moises Chace,P,PHI,AA,23.0,2026 Late,384,,1,45.5,Greg,Tie,384,,,,
11,567,Nicolas Perez,2B,LAD,A+,21.8,2028 Late,385,,1,31.2,Tom,Tie,,,,,385
11,568,Rafael Flores,1B,PIT,MLB,25.6,2026 Mid,393,,1,30.5,Greg,Tie,393,,,,
11,569,Tyler Uberstine,P,BOS,MLB,27.1,2027 Early,393,,1,30.5,Lucas,Tie,,,393,,
11,570,Peter Kussow,P,NYM,CPX,19.5,2029 Mid,394,,1,44.4,Lucas,Tie,,,394,,
11,571,Gabriel Davalillo,C,LAA,A,18.6,2029 Late,396,,1,30.1,Tom,Tie,,,,,396
11,572,Hyun-Seok Jang,P,LAD,A,22.3,2028 Late,398,,1,29.9,PJ,Tie,,,,398,
11,573,Jaider Suarez,SS,KCR,DSL,17.5,2031 Mid,398,,1,43.9,Tom,Tie,,,,,398
11,574,Manuel Rodriguez,P,MIL,AA,20.9,2027 Late,401,,1,29.6,Greg,Tie,401,,,,
11,575,Brett Callahan,OF,DET,AA,24.6,2028 Early,402,,1,29.4,Kyle,Tie,,402,,,
11,576,Lisbel Diaz,OF,SFG,A+,20.9,2028 Early,402,,1,29.4,Greg,Tie,402,,,,
11,577,Carlos Jorge,OF,CIN,AA,22.8,2026 Mid,406,,1,29.0,Greg,Tie,406,,,,
11,578,Warren Calcano,SS,KCR,DSL,18.7,2029 Late,406,,1,43.0,Lucas,Tie,,,406,,
11,579,Ty Floyd,P,CIN,A+,24.8,2026 Mid,407,,1,28.8,PJ,Tie,,,,407,
11,580,Lucas Elissalt,P,DET,A+,21.9,2028 Mid,410,,1,28.6,Lucas,Tie,,,410,,
11,581,Jesus Tillero,P,LAD,A,20.2,2029 Mid,411,,1,28.4,Lucas,Tie,,,411,,
11,582,K.C. Hunt,P,MIL,AAA,26.0,2026 Late,411,,1,28.4,PJ,Tie,,,,411,
11,583,Dameury  Pena,2B,MIN,A,20.8,2027 Late,412,,1,28.3,Greg,Tie,412,,,,
11,584,Emiliano Teodo,P,TEX,AAA,25.4,2026 Mid,416,,1,27.9,PJ,Tie,,,,416,
11,585,Eli Pitts,OF,CIN,CPX,19.6,2029 Mid,417,,1,41.8,Kyle,Tie,,417,,,
11,586,Yorman Gomez,P,CLE,AAA,23.6,2027 Mid,421,,1,41.3,Greg,Tie,421,,,,
11,587,Josh Grosz,P,ARI,AA,23.8,2028 Mid,422,,1,27.3,Lucas,Tie,,,422,,
11,588,Ethan Schiefelbein,P,DET,CPX,20.2,2029 Mid,422,,1,41.2,PJ,Tie,,,,422,
11,589,Garrett Martin,OF,NYY,AAA,26.0,2027 Late,422,,1,27.3,Tom,Tie,,,,,422
11,590,Benny Montgomery,OF,COL,AA,23.8,2027 Mid,423,,1,41.1,PJ,Tie,,,,423,
11,591,Jack Hurley,OF,ARI,AAA,24.3,2027 Early,425,,1,26.9,Lucas,Tie,,,425,,
11,592,Cole Hertzler,P,HOU,AA,23.0,2028 Early,426,,1,26.8,Lucas,Tie,,,426,,
11,593,Roderick Arias,SS,NYY,A+,21.8,2027 Mid,426,,1,26.8,PJ,Tie,,,,426,
11,594,Dixon Williams,2B,ATL,A+,22.5,2028 Late,428,,1,26.5,Kyle,Tie,,428,,,
11,595,Brady Smith,P,LAD,A,21.4,2029 Mid,428,,1,26.5,Lucas,Tie,,,428,,
11,596,Kenny Fenelon,OF,MIL,CPX,18.7,2029 Mid,428,,1,40.5,PJ,Tie,,,,428,
11,597,Brandan Bidois,P,PIT,MLB,25.0,2026 Mid,429,,1,40.4,Lucas,Tie,,,429,,
11,598,Alirio Ferrebus,"C,1B",PHI,A,20.8,2029 Mid,429,,1,26.3,Kyle,Tie,,429,,,
11,599,Eddie Rynders,3B,PIT,A,20.7,2029 Mid,429,,1,40.4,PJ,Tie,,,,429,
11,600,Dylan Lesko,P,TBR,A+,22.8,2028 Mid,430,,1,40.3,PJ,Tie,,,,430,
11,601,Victor Hurtado,OF,WSN,CPX,19.1,2030 Mid,431,,1,26.0,Kyle,Tie,,431,,,
11,602,Josh White,P,MIA,MLB,25.6,2026 Mid,431,,1,40.2,Lucas,Tie,,,431,,
11,603,Brandon Barriera,P,TOR,A,22.3,2026 Late,431,,1,26.0,PJ,Tie,,,,431,
11,604,Mairoshendrick Martinus,"OF,3B,SS",LAD,A+,21.4,2030 Mid,431,,1,26.0,Tom,Tie,,,,,431
11,605,Jud Fabian,OF,BAL,AAA,25.7,2026 Early,432,,1,25.8,PJ,Tie,,,,432,
11,606,Yohendrick Pinango,OF,TOR,MLB,24.1,2026 Late,435,,1,25.5,PJ,Tie,,,,435,
11,607,Boston Bateman,P,BAL,A+,20.8,2028 Late,436,,1,39.6,Kyle,Tie,,436,,,
11,608,Franklin Gomez,P,CLE,A+,21.0,2029 Mid,437,,1,39.5,Greg,Tie,437,,,,
11,609,Jacob Humphrey,OF,COL,A+,23.4,2028 Mid,436,,1,25.4,Tom,Tie,,,,,436
11,610,Rafe Perich,3B,TEX,AA,24.1,2028 Early,438,,1,25.1,Kyle,Tie,,438,,,
11,611,Carlos Renzullo,OF,COL,A,19.7,2028 Late,438,,1,25.1,Lucas,Tie,,,438,,
11,612,Justin Campbell,P,CLE,AA,25.4,2027 Late,440,,1,24.9,Greg,Tie,440,,,,
11,613,Aiden May,P,MIA,A+,23.2,2028 Late,440,,1,24.9,Lucas,Tie,,,440,,
11,614,Jaron Elkins,OF,LAD,A,21.6,2028 Mid,441,,1,24.8,Tom,Tie,,,,,441
11,615,Javier Mogollon,2B,CHW,A,20.7,2028 Mid,442,,1,24.6,PJ,Tie,,,,442,
11,616,Henry Baez,P,ATH,AA,23.7,2026 Mid,442,,1,24.6,Tom,Tie,,,,,442
11,618,Daniel Espino,P,CLE,AAA,25.5,2026 Mid,443,,1,38.8,Tom,Tie,,,,,443
11,619,Filippo Di Turi,"2B,3B,SS",MIL,A,20.6,2028 Mid,444,,1,38.7,PJ,Tie,,,,444,
11,620,Dillon Head,OF,MIA,A+,21.7,2026 Late,445,,1,24.2,PJ,Tie,,,,445,
11,621,Matt Barr,P,MIN,CPX,20.4,2028 Mid,445,,1,24.2,Lucas,Tie,,,445,,
11,622,Alex McCoy,OF,SDP,A+,24.4,2028 Mid,446,,1,24.0,Kyle,Tie,,446,,,
11,623,Devin Saltiban,"OF,2B",PHI,A+,21.4,2026 Late,445,,1,24.2,Tom,Tie,,,,,445
11,624,Bryan Ramos,3B,CHW,MLB,24.3,2024 Mid,446,,1,24.0,PJ,Tie,,,,446,
11,625,Jirvin Morillo,C,CIN,CPX,19.5,2031 Mid,446,,1,24.0,Lucas,Tie,,,446,,
11,626,Kavares Tears,OF,SDP,A+,23.8,2028 Late,447,,1,38.4,PJ,Tie,,,,447,
11,627,Griff O'Ferrall,"2B,SS",BAL,AA,23.4,2027 Late,447,,1,23.9,Lucas,Tie,,,447,,
11,629,Angel Nunez Jr.,OF,CIN,DSL,17.2,2030 Mid,450,,1,38.0,Kyle,Tie,,450,,,
11,630,Manuel Pena,1B,ARI,AAA,22.6,2027 Early,450,,1,23.5,Greg,Tie,450,,,,
DO,631,Colton Ledbetter,OF,STL,AAA,24.6,2026 Mid,,,0,0.0,Tie,Tie,,,,,
DO,632,Nate Dohm,P,STL,A+,23.5,2027 Early,,,0,0.0,Tie,Tie,,,,,
DO,633,Trevor Harrison,P,TBR,A+,20.9,2027 Late,,,0,0.0,Tie,Tie,,,,,
DO,634,Andrew Morris,P,MIN,MLB,24.8,2026 Mid,,,0,0.0,Tie,Tie,,,,,
DO,635,Jose Luis Acevedo,SS,BAL,DSL,17.6,2031 Mid,,,0,0.0,Tie,Tie,,,,,
DO,636,Gavin Turley,OF,ATH,A+,22.6,2027 Mid,,,0,0.0,Tie,Tie,,,,,
DO,637,Ben Kudrna,P,KCR,AAA,23.4,2026 Early,,,0,0.0,Tie,Tie,,,,,
DO,638,Keiner Delgado,"2B,3B",PIT,AAA,22.5,2026 Late,,,0,0.0,Tie,Tie,,,,,
DO,639,Cristian Mena,P,ARI,MLB,23.5,2024 Mid,,,0,0.0,Tie,Tie,,,,,
DO,640,Santiago Solarte,SS,MIA,DSL,17.6,2031 Mid,,,0,0.0,Tie,Tie,,,,,
DO,641,Brendan Girton,P,NYM,AA,24.6,2028 Early,,,0,0.0,Tie,Tie,,,,,
DO,642,Tyler Black,1B,MIL,MLB,25.9,2024 Early,,,0,0.0,Tie,Tie,,,,,
DO,643,J.D. Thompson,P,MIL,A+,22.7,2027 Mid,,,0,0.0,Tie,Tie,,,,,
DO,644,Joniel Hernandez,SS,SDP,DSL,17.3,2031 Mid,,,0,0.0,Tie,Tie,,,,,
DO,645,Kala'i Rosario,OF,MIN,AA,24.0,2026 Early,,,0,0.0,Tie,Tie,,,,,
DO,646,Esmil Valencia,OF,MIA,A+,20.7,2028 Late,,,0,0.0,Tie,Tie,,,,,
DO,647,Ryan Lambert,P,NYM,AAA,23.8,2026 Mid,,,0,0.0,Tie,Tie,,,,,
DO,648,Maximo Acosta,3B,MIA,MLB,23.7,2025 Late,,,0,0.0,Tie,Tie,,,,,
DO,648,Max Acosta,3B,MIA,AAA,23.7,2025 Late,,,0,0.0,Tie,Tie,,,,,
DO,649,Brycen Mautz,P,STL,MLB,24.9,2026 Late,,,0,0.0,Tie,Tie,,,,,
DO,650,Tavian Josenberger,OF,BAL,AA,24.7,2026 Late,,,0,0.0,Tie,Tie,,,,,
DO,651,Jose Fernandez,"1B,3B,SS",ARI,MLB,22.8,2026 Early,,,0,0.0,Tie,Tie,,,,,
DO,652,Anderson De Los Santos,"1B,3B",BAL,AA,22.5,2027 Late,,,0,0.0,Tie,Tie,,,,,
DO,653,Zach MacDonald,OF,DET,A,,2028 Mid,,,0,0.0,Tie,Tie,,,,,
DO,654,Jesus Pinto,OF,DET,A,19.2,2029 Mid,,,0,0.0,Tie,Tie,,,,,
DO,655,Randy Santana,OF,DET,DSL,17.8,2031 Mid,,,0,0.0,Tie,Tie,,,,,
DO,656,Peyton Pallette,P,CHW,MLB,25.1,2026 Early,,,0,0.0,Tie,Tie,,,,,
DO,657,Andres Valor,OF,MIA,A,20.6,2028 Mid,,,0,0.0,Tie,Tie,,,,,
DO,658,Kade Snell,OF,CHC,A+,23.9,2028 Mid,,,0,0.0,Tie,Tie,,,,,
DO,659,Jean Cabrera,P,PHI,AAA,24.7,2026 Late,,,0,0.0,Tie,Tie,,,,,
DO,660,Parker Smith,P,HOU,A+,23.3,2028 Mid,,,0,0.0,Tie,Tie,,,,,
DO,661,Jorge Quintana,SS,SDP,A,19.2,2029 Late,,,0,0.0,Tie,Tie,,,,,
DO,662,Yilber Diaz,P,ARI,MLB,25.9,2024 Late,,,0,0.0,Tie,Tie,,,,,
DO,663,Gabriel Rosario,"OF,1B",BAL,DSL,17.8,2031 Mid,,,0,0.0,Tie,Tie,,,,,
DO,664,Felix Reyes,"OF,1B",PHI,MLB,25.3,2026 Late,,,0,0.0,Tie,Tie,,,,,
DO,665,Avery Owusu-Asiedu,OF,ARI,A+,23.0,2027 Late,,,0,0.0,Tie,Tie,,,,,
DO,666,Timothy Mogen,SS,SDP,DSL,17.7,2031 Mid,,,0,0.0,Tie,Tie,,,,,
DO,667,Mac Heuer,P,NYY,A,22.0,2029 Mid,,,0,0.0,Tie,Tie,,,,,
DO,668,Cole Peschl,P,MIN,A+,23.6,2027 Mid,,,0,0.0,Tie,Tie,,,,,
DO,669,Wilder Dalis,"3B,SS",COL,A,19.9,2029 Mid,,,0,0.0,Tie,Tie,,,,,
DO,670,Mason Barnett,P,ATH,MLB,25.6,2025 Late,,,0,0.0,Tie,Tie,,,,,
DO,671,Enmanuel Tejeda,2B,NYY,A+,21.5,2026 Mid,,,0,0.0,Tie,Tie,,,,,
DO,672,Landen Maroudis,P,TOR,A+,21.5,2028 Mid,,,0,0.0,Tie,Tie,,,,,
DO,673,Ryan Gallagher,P,MIN,AAA,23.4,2027 Mid,,,0,0.0,Tie,Tie,,,,,
DO,674,Maykel Coret,OF,TBR,DSL,18.8,2029 Late,,,0,0.0,Tie,Tie,,,,,
DO,675,Clark Elliott,OF,ATH,AA,25.7,2026 Late,,,0,0.0,Tie,Tie,,,,,
DO,676,Welinton Herrera,P,COL,MLB,22.2,2026 Early,,,0,0.0,Tie,Tie,,,,,
DO,677,Ernesto Martinez Jr.,1B,NYY,AAA,27.0,2026 Mid,,,0,0.0,Tie,Tie,,,,,
DO,678,Luis Merejo,"OF,1B",CLE,A,20.0,2027 Mid,,,0,0.0,Tie,Tie,,,,,
DO,679,Luinder Avila,P,KCR,MLB,24.8,2025 Late,,,0,0.0,Tie,Tie,,,,,
DO,680,Cooper Hjerpe,P,STL,AA,25.3,2026 Late,,,0,0.0,Tie,Tie,,,,,
DO,681,Tate Kuehner,P,MIL,AAA,25.4,2026 Late,,,0,0.0,Tie,Tie,,,,,
DO,682,Ronny Munoz,SS,MIA,DSL,17.7,2031 Mid,,,0,0.0,Tie,Tie,,,,,
DO,683,Chen Zhong-Ao Zhuang,P,ATH,AAA,25.8,2027 Mid,,,0,0.0,Tie,Tie,,,,,
DO,684,Thomas Sosa,OF,BAL,AA,21.4,2028 Early,,,0,0.0,Tie,Tie,,,,,
DO,685,Trey Snyder,"2B,3B",NYM,A,20.8,2029 Mid,,,0,0.0,Tie,Tie,,,,,
DO,686,Lucas Braun,P,ATL,AAA,24.8,2026 Early,,,0,0.0,Tie,Tie,,,,,
DO,687,Nick Dumesnil,OF,DET,A,22.2,2029 Mid,,,0,0.0,Tie,Tie,,,,,
DO,688,Zach Maxwell,P,CIN,MLB,25.4,2025 Mid,,,0,0.0,Tie,Tie,,,,,
DO,690,Manolfi Jimenez,OF,PHI,A+,21.6,2029 Mid,,,0,0.0,Tie,Tie,,,,,
DO,691,Anthony Nunez,P,BAL,MLB,25.0,2026 Early,,,0,0.0,Tie,Tie,,,,,
DO,692,Luis Gastelum,P,STL,AAA,24.7,2027 Mid,,,0,0.0,Tie,Tie,,,,,
DO,693,Alfredo Alcantara,"2B,3B",CIN,A+,20.7,2029 Mid,,,0,0.0,Tie,Tie,,,,,
DO,694,Juan Ortuno,2B,MIL,A,19.2,2029 Mid,,,0,0.0,Tie,Tie,,,,,
DO,695,Franyerber Montilla,"2B,SS",DET,A,21.2,2027 Late,,,0,0.0,Tie,Tie,,,,,
DO,696,Jhonny Severino,"2B,3B",PIT,A+,21.6,2027 Late,,,0,0.0,Tie,Tie,,,,,