"Rank","Name","Value","Age","Positions","Team","Level"
1,"Jesus Made",4199,19.4,"SS","MIL","AA"
2,"Kade Anderson",3869,22.2,"SP","SEA","MLB"
3,"Leo De Vries",3567,19.9,"SS","ATH","AA"
4,"Josue De Paula",3024,21.3,"OF","LAD","MLB"
5,"Seth Hernandez",2920,20.3,"SP","PIT","HIGH_A"
6,"Eli Willits",2536,18.8,"SS","WSH","AA"
7,"Franklin Arias",2207,20.9,"SS","BOS","AAA"
8,"Sebastian Walcott",2107,20.5,"SS","TEX","AAA"
9,"Walker Jenkins",1954,21.6,"OF","MIN","MLB"
10,"Zyhir Hope",1798,21.7,"OF","DET","AA"
11,"Edward Florentino",1719,19.9,"OF","PIT","HIGH_A"
12,"Ryan Sloan",1716,20.7,"SP","SEA","AA"
13,"Luis Pena",1649,19.9,"2B, SS","MIL","AA"
14,"Theo Gillen",1616,21,"OF","TB","AA"
15,"Rainiel Rodriguez",1579,19.7,"C","STL","AA"
16,"2027 Early 1st",1524,"","","",""
17,"Charlie Condon",1486,23.5,"1B, OF","COL","AAA"
18,"Thomas White",1482,21.9,"SP","MIA","AAA"
19,"Joshua Baez",1387,23.3,"OF","STL","MLB"
20,"Robby Snelling",1359,22.8,"SP","MIA","MLB"
21,"2028 Early 1st",1282,"","","",""
22,"Anthony Eyanson",1214,21.9,"SP","BAL","AA"
23,"Caleb Bonemer",1210,20.9,"3B, SS","CWS","AA"
24,"Mike Sirota",1179,23.3,"OF","LAD","AAA"
25,"Eduardo Quintero",1134,21,"OF","LAD","AA"
26,"Ethan Holliday",1124,19.6,"SS","COL","LOW_A"
27,"Kendry Chourio",1108,18.9,"SP","KC","HIGH_A"
28,"Ralphy Velazquez",1068,21.3,"1B","CLE","AAA"
29,"Kaelen Culpepper",1067,23.7,"SS","MIN","MLB"
30,"Josuar Gonzalez",1034,18.9,"SS","SF","LOW_A"
31,"Alfredo Duno",1021,20.7,"C","CIN","AA"
32,"Aidan Miller",927,22.3,"SS","PHI","AA"
33,"Eric Hartman",902,20.3,"2B, OF","ATL","AA"
34,"Travis Sykora",900,22.4,"SP","WSH","ROOKIE_BALL"
35,"Cam Caminiti",896,20.1,"SP","ATL","AA"
36,"2027 Mid 1st",885,"","","",""
37,"JoJo Parker",884,20.1,"SS","TOR","HIGH_A"
38,"Ethan Salas",881,20.3,"C","SD","MLB"
39,"James Tibbs III",879,23.9,"OF","LAD","AAA"
40,"Luis Hernandez",865,17.8,"SS","SF","LOW_A"
41,"Lazaro Montes",862,21.9,"OF","SEA","MLB"
42,"Gage Wood",860,22.8,"SP","PHI","AA"
43,"Liam Doyle",842,22.3,"SP","STL","AA"
44,"Bryce Rainer",806,21.2,"SS","DET","HIGH_A"
45,"2027 Late 1st",784,"","","",""
46,"Josiah Hartshorn",775,19.7,"1B, OF","CHC","AA"
47,"Andrew Fischer",773,22.3,"3B","MIL","AA"
48,"Karson Milbrandt",773,22.4,"SP","MIA","AAA"
49,"2028 Mid 1st",764,"","","",""
50,"Emmanuel Rodriguez",763,23.6,"OF","MIN","MLB"
51,"Emil Morales",746,20,"SS","LAD","HIGH_A"
52,"Angel Genao",737,22.4,"2B, 3B, SS","CLE","MLB"
53,"Hagen Smith",729,23.1,"SP, RP","CWS","MLB"
54,"Jamie Arnold",714,22.5,"SP","ATH","AAA"
55,"Michael Arroyo",692,21.9,"2B, OF","SEA","MLB"
56,"Joseph Dzierwa",689,22.4,"SP","BAL","AA"
57,"Jonah Tong",687,23.3,"SP","NYM","MLB"
58,"Josue Briceno",657,22,"C, 1B","DET","AAA"
59,"Jarlin Susana",655,22.5,"SP","WSH","AAA"
60,"Devin Fitz-Gerald",650,21.1,"SS","WSH","AA"
61,"2028 Late 1st",629,"","","",""
62,"Carlos Lagrange",615,23.3,"SP","NYY","AAA"
63,"Jhonny Level",610,19.5,"SS","SF","HIGH_A"
64,"Felnin Celesten",599,21,"SS","SEA","AA"
65,"Christian Zazueta",586,21.9,"SP","LAD","AA"
66,"Dax Kilby",581,19.9,"SS","NYY","LOW_A"
67,"Tyler Bremner",562,22.4,"SP","LAA","AA"
68,"Steele Hall",556,19.2,"SS","CIN","LOW_A"
69,"Kyson Witherspoon",553,22.1,"SP","BAL","HIGH_A"
70,"Braylon Payne",544,20.1,"OF","MIL","AA"
71,"Arjun Nimmala",543,20.9,"SS","LAA","AA"
72,"Elmer Rodriguez-Cruz",542,23.1,"SP","NYY","MLB"
73,"Ethan Conrad",538,22.2,"OF","CHC","HIGH_A"
74,"Seaver King",533,23.4,"SS","WSH","AAA"
75,"Josh Adamczewski",529,21.4,"SS","MIL","AA"
76,"Justin Gonzales",512,19.7,"OF","BOS","AA"
77,"Aiva Arquette",501,22.9,"SS","MIA","AA"
78,"Jonny Farmelo",500,22.1,"OF","SEA","AA"
79,"Juneiker Caceres",479,19.1,"OF","CLE","HIGH_A"
80,"Jaison Chourio",474,21.4,"OF","CLE","AA"
81,"Jett Williams",465,22.9,"2B, SS, OF","MIL","AAA"
82,"Caden Scarborough",454,21.5,"SP","TEX","HIGH_A"
83,"Ike Irish",443,22.8,"C, 1B","BAL","HIGH_A"
84,"Taitn Gray",440,19.1,"C","TB","LOW_A"
85,"Quinn Mathews",429,25.9,"SP","STL","MLB"
86,"Zac Veen",427,24.8,"OF","COL","MLB"
87,"Jefferson Rojas",411,21.4,"2B, SS","NYM","AAA"
88,"Kash Mayfield",410,21.6,"SP","DET","HIGH_A"
89,"Xavier Neyens",408,19.9,"3B","HOU","HIGH_A"
90,"Kruz Schoolcraft",407,19.4,"SP","SD","LOW_A"
91,"River Ryan",401,28.1,"SP","DET","MLB"
92,"2027 Early 2nd",391,"","","",""
93,"Johnny King",389,20.2,"SP","TOR","AA"
94,"Kevin Alvarez",381,18.7,"OF","HOU","LOW_A"
95,"Elian Pena",375,18.9,"SS","NYM","HIGH_A"
96,"Kendry Rojas",372,23.8,"SP, RP","MIN","MLB"
97,"Murf Gray",369,22.7,"3B","PIT","AA"
98,"Kayson Cunningham",363,20.3,"SS","AZ","HIGH_A"
99,"Francisco Renteria",357,17.7,"OF","PHI","ROOKIE_BALL"
100,"2028 Early 2nd",352,"","","",""
101,"Jaxon Wiggins",350,24.9,"SP","CHC","AAA"
102,"Cooper Flemming",346,20.1,"SS","TB","LOW_A"
103,"Cooper Ingle",344,24.6,"C","CLE","MLB"
104,"Jurrangelo Cijntje",342,23.3,"SP","STL","AAA"
105,"Braylon Doughty",336,20.8,"SP","CLE","AA"
106,"Brody Hopkins",331,24.7,"SP, RP","TB","MLB"
107,"Michael Forret",330,22.5,"SP","BAL","AAA"
108,"Bo Davidson",328,24.2,"OF","SF","MLB"
109,"Gavin Fien",323,19.6,"3B, SS","WSH","LOW_A"
110,"Nathan Flewelling",323,19.9,"C","TB","HIGH_A"
111,"Tate Southisene",318,19.9,"SS","ATL","AA"
112,"Kevin Alcántara",308,24.2,"OF","CHC","MLB"
113,"Roldy Brito",307,19.5,"2B, OF","COL","HIGH_A"
114,"2027 Mid 2nd",307,"","","",""
115,"Jacob Melton",305,26.1,"OF","TB","AAA"
116,"Jesus Baez",303,21.6,"3B, SS","STL","AA"
117,"Cam Cannarella",302,23.1,"OF","MIA","AAA"
118,"Blake Mitchell",297,22.2,"C","KC","HIGH_A"
119,"Xavier Isaac",297,22.8,"UT","TB","AAA"
120,"Tanner McDougal",296,23.5,"SP","CWS","MLB"
121,"Josh Hammond",292,20,"3B, SS","KC","LOW_A"
122,"Jeferson Quero",287,23.9,"C","MIL","MLB"
123,"Demetrio Crisantes",285,22.1,"2B","AZ","AAA"
124,"Juan Sanchez",283,19,"3B, SS","TOR","LOW_A"
125,"Max Anderson",275,24.6,"2B","DET","AAA"
126,"Alexander Frias",273,18.6,"OF","STL","LOW_A"
127,"Charles Davalan",273,22.8,"OF","LAD","AA"
128,"Wei-En Lin",268,20.9,"SP, RP","ATH","AAA"
129,"Marek Houston",267,22.5,"SS","MIN","AA"
130,"Joshua Kuroda-Grauer",262,23.7,"3B, SS","ATH","MLB"
131,"Jace LaViolette",257,22.8,"OF","CLE","AA"
132,"Owen Murphy",255,23,"SP","ATL","MLB"
133,"Eduardo Tait",254,20.1,"C","MIN","HIGH_A"
134,"2028 Mid 2nd",252,"","","",""
135,"Caden Bodine",252,22.8,"C","TB","AAA"
136,"George Klassen",252,24.7,"SP","LAA","MLB"
137,"Juan Valera",250,20.4,"SP","BOS","HIGH_A"
138,"Nolan Perry",250,23.1,"SP","TOR","AA"
139,"Kahlil Watson",247,23.5,"SS, OF","CLE","MLB"
140,"Harry Ford",247,23.6,"C","WSH","MLB"
141,"Ronny Cruz",245,20.1,"SS","WSH","HIGH_A"
142,"Jack Wenninger",239,24.5,"SP","NYM","AAA"
143,"Luke Adams",237,22.4,"1B, 3B","MIL","AAA"
144,"Wehiwa Aloy",235,22.6,"SS","BAL","AA"
145,"Blake Burke",233,23.3,"1B","MIL","AAA"
146,"Nate George",231,20.3,"OF","BAL","HIGH_A"
147,"Cam Collier",227,21.9,"1B, 3B","CIN","AA"
148,"Tommy Troy",227,24.7,"2B, OF","AZ","MLB"
149,"2027 Late 2nd",224,"","","",""
150,"Deyvison De Los Santos",221,23.3,"1B, 3B","MIA","MLB"
151,"Yohandy Morales",220,24.9,"1B, 3B","WSH","MLB"
152,"Henry Lalane",218,22.4,"SP","SF","AA"
153,"Ricky Tiedemann",212,24.1,"SP, RP","TOR","MLB"
154,"Trey Gibson",211,24.4,"SP","BAL","MLB"
155,"2028 Late 2nd",211,"","","",""
156,"Angeibel Gomez",210,17.8,"OF","KC","ROOKIE_BALL"
157,"Chase Harlan",210,20.2,"3B","LAD","HIGH_A"
158,"Gavin Kilen",206,22.5,"SS","SF","AA"
159,"Jhostynxon Garcia",206,23.8,"OF","PIT","MLB"
160,"Tai Peete",204,21.1,"OF","STL","AA"
161,"Abimelec Ortiz",203,24.6,"1B, OF","WSH","MLB"
162,"David Shields",198,20.1,"SP","KC","HIGH_A"
163,"Johan De Los Santos",197,18.2,"2B, SS","PIT","LOW_A"
164,"Ben Hess",188,24.1,"SP","NYY","AA"
165,"Luis De Leon",184,23.5,"SP, RP","BAL","MLB"
166,"Cristian Arguelles",179,19.2,"OF","COL","LOW_A"
167,"Ty Johnson",178,25,"SP, RP","TB","MLB"
168,"Luis Perales",175,23.5,"SP, RP","WSH","MLB"
169,"John Gil",171,20.4,"SS","ATL","AA"
170,"James Triantos",170,23.7,"2B, 3B, OF","CHC","MLB"
171,"Tyson Lewis",169,20.7,"SS","CIN","HIGH_A"
172,"Billy Carlson",169,20.2,"SS","CWS","LOW_A"
173,"Brady Ebel",167,19.2,"SS","MIL","HIGH_A"
174,"Devin Taylor",165,22.7,"OF","ATH","AAA"
175,"Jonathon Long",162,24.7,"1B","MIA","AAA"
176,"Aidan Smith",162,22.2,"OF","NYM","HIGH_A"
177,"Chase Petty",157,23.5,"SP, RP","CIN","MLB"
178,"Ryan Clifford",156,23.2,"1B, OF","NYM","AAA"
179,"Jackson Ferris",153,22.7,"SP","LAD","AAA"
180,"Sean Keys",150,23.3,"1B, 3B","TOR","MLB"
181,"Noble Meyer",149,21.7,"SP","MIA","LOW_A"
182,"Slade Caldwell",144,20.3,"OF","AZ","HIGH_A"
183,"Jacob Reimer",144,22.6,"3B","NYM","AA"
184,"Hendry Mendez",144,22.9,"OF","MIN","AAA"
185,"Zachary Root",137,22.6,"SP","LAD","AA"
186,"Aroon Escobar",136,21.7,"2B","PHI","AA"
187,"Mitch Voit",135,21.9,"2B","NYM","AA"
188,"Wandy Asigen",135,17.1,"SS","NYM","ROOKIE_BALL"
189,"Miguel Sime",132,19.4,"SP","WSH","HIGH_A"
190,"Yostin Pena",130,18.9,"OF","NYY","LOW_A"
191,"Cris Rodriguez",128,18.7,"OF","DET","LOW_A"
192,"Enddy Azocar",126,19.6,"OF","BAL","HIGH_A"
193,"Alex Clemmey",125,21.2,"SP","WSH","AA"
194,"Wyatt Sanford",125,20.8,"2B, SS","PIT","HIGH_A"
195,"Ramon Marquez",122,21,"SP","SF","HIGH_A"
196,"Brailyn Antunez",122,18.8,"OF","MIL","LOW_A"
197,"Ethan Frey",118,22.5,"OF","HOU","HIGH_A"
198,"Slater de Brun",116,19.3,"OF","TB","LOW_A"
199,"Josiah Ragsdale",115,22.8,"OF","STL","AA"
200,"Matt Wilkinson",111,23.8,"SP","SF","MLB"
201,"Jonathan Santucci",110,23.8,"SP","NYM","AAA"
202,"Khal Stephen",109,23.8,"SP","CLE","AA"
203,"Gabriel Gonzalez",108,22.7,"OF","MIN","MLB"
204,"2028 Early 3rd",107,"","","",""
205,"Anderson Brito",106,22.2,"SP","TB","HIGH_A"
206,"Brayden Taylor",106,24.4,"2B, 3B","MIA","AAA"
207,"Nelson Rada",102,21.1,"OF","LAA","AAA"
208,"Daniel Pierce",101,20.2,"SS","TB","LOW_A"
209,"Franklin Primera",100,19.3,"C","BOS","LOW_A"
210,"Druw Jones",100,22.8,"OF","AZ","AA"
211,"2027 Early 3rd",98,"","","",""
212,"Yoeilin Cespedes",97,21.1,"2B","BOS","AA"
213,"Shotaro Morii",97,19.8,"SS","ATH","LOW_A"
214,"Caden Dana",97,22.8,"SP","LAA","AAA"
215,"Thayron Liranzo",97,23.2,"C","DET","AA"
216,"2027 Late 3rd",97,"","","",""
217,"Leonardo Bernal",95,22.6,"C","STL","MLB"
218,"Drew Thorpe",95,25.9,"SP","CWS","AAA"
219,"Hayden Alvarez",91,19.5,"OF","LAA","HIGH_A"
220,"Riley Quick",90,22.4,"SP","MIN","AA"
221,"Joendry Vargas",89,20.9,"SS","LAD","LOW_A"
222,"AJ Russell",89,22.2,"SP","TEX","HIGH_A"
223,"Andrew Salas",88,18.6,"OF","MIA","LOW_A"
224,"2028 Mid 3rd",88,"","","",""
225,"Landon Harmon",87,20.1,"SP","WSH","LOW_A"
226,"JD Dix",87,20.9,"2B","AZ","HIGH_A"
227,"Daniel Espino",86,25.7,"SP, RP","CLE","MLB"
228,"Mitch Bratt",85,23.2,"SP","AZ","MLB"
229,"Kendall George",84,21.9,"OF","LAD","AA"
230,"Briggs McKenzie",83,19.9,"SP","ATL","HIGH_A"
231,"Termarr Johnson",81,22.3,"2B","PIT","AAA"
232,"Caden Hunter",81,22.9,"SP","BAL","AA"
233,"Tink Hence",80,24.1,"SP","STL","AAA"
234,"Conor Essenburg",80,20,"OF, SP","ATL","HIGH_A"
235,"Dasan Hill",79,20.8,"SP","TOR","HIGH_A"
236,"Dakota Jordan",79,23.4,"OF","SF","AA"
237,"Kane Kepley",79,22.6,"OF","CHC","AA"
238,"Robert Calaz",77,20.8,"OF","COL","HIGH_A"
239,"Jackson Kent",77,23.6,"SP","WSH","MLB"
240,"Tre' Morgan",77,24.2,"1B","TB","AAA"
241,"Kevin Defrank",73,18.1,"SP","MIA","ROOKIE_BALL"
242,"Starlyn Caba",71,20.8,"SS","MIA","HIGH_A"
243,"Santiago Suarez",70,21.7,"SP","TB","AA"
244,"Tanner Franklin",70,22.3,"SP","STL","AA"
245,"Brock Wilken",69,24.3,"3B","MIL","AAA"
246,"Yorger Bautista",68,19,"OF","SEA","LOW_A"
247,"Bryce Cunningham",68,23.8,"SP","NYY","AA"
248,"Eduardo Valencia",68,26.7,"C, 1B","DET","MLB"
249,"Hunter Barco",66,25.8,"RP","PIT","MLB"
250,"Brandon Clarke",66,23.5,"SP","STL","AA"
251,"Kellon Lindsey",64,21,"SS","LAD","LOW_A"
252,"Dorian Soto",64,18.6,"SS","BOS","ROOKIE_BALL"
253,"Bishop Letson",62,22,"SP","MIL","AA"
254,"Johenssy Colome",61,17.9,"SS","ATH","ROOKIE_BALL"
255,"Vance Honeycutt",58,23.4,"OF","BAL","AA"
256,"Ethan Pecko",57,24.1,"SP","HOU","MLB"
257,"Sebastian Dos Santos",54,18.7,"SS","STL","LOW_A"
258,"Gage Stanifer",53,22.9,"SP, RP","TOR","AAA"
259,"Sammy Stafura",53,21.9,"SS","NYM","HIGH_A"
260,"Enrique Bradfield Jr.",52,24.8,"OF","BAL","AAA"
261,"Patrick Forbes",50,22.2,"SP","AZ","HIGH_A"
262,"2027 Mid 3rd",48,"","","",""
263,"Ching-Hsien Ko",47,20.1,"OF","LAD","LOW_A"
264,"Brendan Summerhill",44,22.9,"OF","TB","HIGH_A"
265,"Emanuel Luna",37,17.7,"OF","STL","ROOKIE_BALL"
266,"Dante Nori",35,21.9,"OF","PHI","AA"
267,"Esteban Mejia",33,19.6,"SP","BAL","LOW_A"
268,"Brody Brecht",31,24,"SP","COL","HIGH_A"
269,"2028 Late 3rd",30,"","","",""
270,"Yairo Padilla",26,19.3,"SS","STL","HIGH_A"
271,"Charlee Soto",24,21.1,"SP","MIN","HIGH_A"
272,"Dylan Lesko",24,23.1,"RP","TB","LOW_A"
273,"Alejandro Rosario",23,24.7,"SP","WSH","AA"
274,"Christian Oppor",23,22.2,"SP","CWS","AA"
275,"Yhoiker Fajardo",19,19.9,"SP","STL","AA"
276,"Daniel Eagen",16,23.8,"SP","STL","AA"
277,"Brandon Compton",16,22.9,"OF","MIA","AAA"
278,"Albert Fermin",15,17.6,"SS","HOU","ROOKIE_BALL"
279,"Sadbiel Delzine",15,18.7,"SP","BOS","LOW_A"
280,"Jacob Bresnahan",13,21.3,"SP","SF","AA"
281,"David Hagaman",13,23.5,"SP","AZ","AA"
282,"Sean Gamble",12,20.2,"SS","KC","LOW_A"
283,"Ricardo Cabrera",10,21.9,"3B","CIN","HIGH_A"
284,"Colin Houck",10,21.9,"3B, SS","NYM","HIGH_A"
285,"Marco Raya",10,24.1,"SP, RP","MIN","MLB"
286,"Josh Knoth",10,21.1,"SP","MIL","AA"
287,"John Cruz",10,21.1,"OF","MIA","ROOKIE_BALL"
288,"Cole Wilcox",10,27.2,"RP","SEA","MLB"
289,"Blake Wolters",10,21.9,"SP","KC","HIGH_A"
290,"Cristian Hernandez",10,22.8,"SS","MIA","AA"
291,"Walker Martin",10,22.6,"3B, SS","SF","HIGH_A"
292,"Wikelman Gonzalez",10,24.5,"RP","MIA","MLB"
293,"Hyun-Seok Jang",10,22.5,"SP","LAD","HIGH_A"
294,"Ty Floyd",10,25.1,"SP","CIN","HIGH_A"
295,"Dillon Head",10,21.9,"OF","MIA","HIGH_A"
296,"Ryan Bliss",10,26.8,"2B","SEA","MLB"
297,"Jake Gelof",10,24.6,"2B, 3B","LAD","AA"
298,"Frank Mozzicato",10,23.3,"SP","KC","AA"
299,"Luis Baez",10,22.7,"OF","HOU","AA"
300,"Carlos Rodriguez",10,24.8,"RP","MIL","MLB"
301,"Brando Mayea",10,21,"OF","NYY","LOW_A"
302,"Prelander Berroa",10,26.4,"SP, RP","CWS","ROOKIE_BALL"
303,"Lonnie White Jr.",10,23.7,"OF","PIT","AA"
304,"Blake Walston",10,25.3,"SP","AZ","MLB"
305,"Gunnar Hoglund",10,26.8,"SP","ATH","AAA"
306,"Griff McGarry",10,27.3,"SP, RP","LAD","AAA"
307,"Maddux Bruns",10,24.3,"SP","LAD","AA"
308,"Fernando Cruz",10,19.9,"SS","CHC","LOW_A"
309,"Payton Martin",10,22.4,"SP","LAD","AA"
310,"Anthony Gutierrez",10,21.8,"OF","TEX","HIGH_A"
311,"Brock Porter",10,23.3,"RP","TEX","AA"
312,"Elijah Green",10,22.8,"OF","WSH","AA"
313,"Diego Cartaya",10,25.1,"C","SF","HIGH_A"
314,"Miguel Bleis",10,22.6,"OF","BOS","AA"
315,"Rayner Arias",10,20.4,"OF","SF","ROOKIE_BALL"
316,"Wilmer Flores",10,25.6,"RP","DET","LOW_A"
317,"Cristhian Vaquero",10,22,"OF","WSH","HIGH_A"
318,"Brandon Barriera",10,22.6,"SP","TOR","HIGH_A"
319,"Jacob Berry",10,25.4,"2B, 3B, OF","KC","AAA"
320,"Kristian Robinson",10,25.8,"OF","AZ","AAA"
321,"Yophery Rodriguez",10,20.8,"OF","BOS","HIGH_A"
322,"Mac Horvath",10,25.2,"2B, OF","TB","AA"
323,"Ivan Melendez",10,26.7,"1B","AZ","AAA"
324,"Pedro Leon",10,28.3,"OF","PHI","AAA"
325,"Yu-Min Lin",10,23.2,"SP","AZ","AAA"
326,"Forrest Whitley",10,29,"RP","TB","AAA"
327,"Jairo Iriarte",10,24.8,"SP, RP","CWS","AAA"
328,"Bryan Ramos",10,24.5,"3B","BAL","AAA"
329,"George Valera",10,25.9,"OF","CLE","MLB"
330,"Paulino Santana",10,19.9,"OF","TEX","LOW_A"
331,"Samuel Zavala",10,22.2,"OF","CWS","AA"
332,"Gavin Cross",10,25.6,"OF","KC","AAA"
333,"Kevin Parada",10,25.2,"C","NYM","AAA"
334,"Chayce McDermott",10,28.1,"RP","NYM","MLB"
335,"Cooper Hjerpe",10,25.5,"SP","STL","MLB"
336,"Jose Perdomo",10,20,"SS","ATL","LOW_A"
337,"Benny Montgomery",10,24.1,"OF","COL","AA"
338,"Brennen Davis",10,26.9,"OF","SEA","AAA"
339,"Troy Taylor",10,25.1,"RP","SEA","MLB"
340,"Brett Wichrowski",10,24.1,"SP","MIL","AAA"
341,"Johnathan Rodriguez",10,26.9,"OF","ATH","MLB"
342,"Ky Bush",10,26.9,"SP","CWS","MLB"
343,"Cade Marlowe",10,29.3,"OF","LAA","AAA"
344,"Marc Church",10,25.5,"RP","TEX","AAA"
345,"Andrew Walters",10,25.8,"RP","CLE","AAA"
346,"Malcolm Moore",10,23.2,"C","TEX","AA"
347,"Jeremy Rodriguez",10,20.2,"2B, 3B, SS","NYM","LOW_A"
348,"Joe Whitman",10,25,"SP","SF","AAA"
349,"Luke Dickerson",10,21.1,"2B, SS","WSH","HIGH_A"
350,"Andry Lara",10,23.7,"RP","WSH","AAA"
351,"Gabriel Rincones Jr.",10,25.6,"OF","PHI","MLB"
352,"A.J. Vukovich",10,25.2,"OF","AZ","AAA"
353,"Reggie Crawford",10,25.8,"RP","SF","ROOKIE_BALL"
354,"Pablo Guerrero",10,20.2,"1B","TEX","LOW_A"
355,"Dominic Keegan",10,26.2,"C","BAL","AAA"
356,"Cory Lewis",10,25.9,"SP, RP","MIN","AA"
357,"Jansel Luis",10,21.6,"2B, 3B","AZ","AA"
358,"Luis Merejo",10,20.3,"1B, OF","CLE","LOW_A"
359,"Zander Mueth",10,21.3,"SP","PIT","LOW_A"
360,"Joey Oakie",10,20.4,"SP","CLE","HIGH_A"
361,"Daiber De Los Santos",10,19.9,"SS","MIN","ROOKIE_BALL"
362,"Walter Ford",10,21.8,"SP","SEA","HIGH_A"
363,"Doug Nikhazy",10,27.1,"SP, RP","CHC","MLB"
364,"Jared Thomas",10,23.2,"OF","COL","AA"
365,"Yeremi Cabrera",10,21.2,"OF","WSH","HIGH_A"
366,"Colton Ledbetter",10,24.9,"OF","STL","AAA"
367,"Tirso Ornelas",10,26.6,"OF","SD","AA"
368,"Craig Yoho",10,26.9,"RP","CLE","MLB"
369,"Zach Maxwell",10,25.7,"RP","CIN","MLB"
370,"Adolfo Sanchez",10,20,"OF","CIN","LOW_A"
371,"Sean Sullivan",10,24.2,"SP","COL","MLB"
372,"Eduardo Beltre",10,19.9,"OF","MIN","LOW_A"
373,"Jeter Martinez",10,20.6,"SP","PIT","LOW_A"
374,"Griffin Burkholder",10,21.1,"OF","PHI","HIGH_A"
375,"Jhancarlos Lara",10,23.7,"SP, RP","WSH","AA"
376,"Gino Groover",10,24.5,"3B","AZ","MLB"
377,"Ben Kudrna",10,23.7,"SP","KC","AAA"
378,"Yasser Mercedes",10,21.9,"OF","MIN","HIGH_A"
379,"Winston Santos",10,24.5,"SP","TEX","MLB"
380,"Braylin Morel",10,20.7,"OF","TEX","LOW_A"
381,"K.C. Hunt",10,26.2,"SP","TB","AAA"
382,"Levi Sterling",10,20.1,"SP","PIT","HIGH_A"
383,"Billy Amick",10,23.9,"1B, 3B","NYM","AAA"
384,"Jud Fabian",10,26,"OF","BAL","AAA"
385,"Brandon Winokur",10,21.8,"3B, SS, OF","MIN","AA"
386,"Walker Janek",10,24,"C","HOU","AA"
387,"Emiliano Teodo",10,25.6,"SP, RP","TEX","MLB"
388,"George Wolkow",10,20.7,"OF","CWS","HIGH_A"
389,"Cristian Mena",10,23.8,"RP","AZ","AAA"
390,"Jake Bloss",10,25.3,"SP","TOR","AAA"
391,"Brailer Guerrero",10,20.3,"OF","TB","LOW_A"
392,"Jeral Perez",10,21.9,"2B, SS","CWS","AA"
393,"Jay Allen",10,23.8,"OF","CIN","AAA"
394,"Sem Robberse",10,24.9,"SP","STL","LOW_A"
395,"Thomas Harrington",10,25.2,"RP","PIT","AAA"
396,"Yilber Diaz",10,26.1,"RP","DET","MLB"
397,"Matthew Lugo",10,25.4,"OF","KC","MLB"
398,"Enmanuel Bonilla",10,20.7,"OF","TOR","LOW_A"
399,"Mike Boeve",10,24.4,"1B","MIL","AA"
400,"Jaden Hamm",10,24.1,"SP","DET","AA"
401,"Welbyn Francisca",10,20.4,"SS","CLE","AA"
402,"Julian Aguiar",10,25.3,"SP","CHC","MLB"
403,"Yoniel Curet",10,23.9,"SP","DET","AAA"
404,"Gary Gill Hill",10,22,"SP","NYM","AAA"
405,"Yordanny Monegro",10,23.9,"SP","BOS","AA"
406,"Charles McAdoo",10,24.6,"1B, 2B, 3B","TOR","MLB"
407,"Seth Johnson",10,28,"RP","ATH","MLB"
408,"PJ Morlando",10,21.4,"OF","MIA","LOW_A"
409,"Drue Hackenberg",10,24.5,"SP","ATL","AAA"
410,"Eric Bitonti",10,20.9,"1B","MIL","AA"
411,"Sterlin Thompson",10,25.3,"OF","COL","MLB"
412,"Juan Brito",10,25,"2B, SS","CIN","MLB"
413,"Nick Frasso",10,27.9,"SP, RP","COL","MLB"
414,"Anthony Solometo",10,23.8,"SP","PIT","AA"
415,"Carlos Jorge",10,23,"OF","CIN","MLB"
416,"Chase Davis",10,24.8,"OF","STL","AAA"
417,"Jake Eder",10,27.9,"RP","LAD","MLB"
418,"Tyler Black",10,26.2,"1B","MIL","MLB"
419,"Roderick Arias",10,22.1,"SS","NYY","AA"
420,"Orelvis Martinez",10,24.9,"2B","WSH","AAA"
421,"Marco Luciano",10,25,"OF","NYY","AAA"
422,"Tekoah Roby",10,25,"SP","STL","AA"
423,"Chase Hampton",10,25.1,"SP","WSH","AA"
424,"Luke Little",10,26.1,"RP","KC","MLB"
425,"Nolan Schubart",10,22.4,"1B","CLE","AA"
426,"Chris Suero",10,22.7,"C, OF","NYM","AA"
427,"Kade Strowd",10,29,"RP","AZ","MLB"
428,"Angel Nunez Jr.",10,17.5,"OF","CIN","ROOKIE_BALL"
429,"Tim Piasentin",10,19.5,"3B","TOR","ROOKIE_BALL"
430,"James Quinn-Irons",10,23.3,"OF","TB","LOW_A"
431,"Kelvis Salcedo",10,20.7,"SP, RP","DET","LOW_A"
432,"Billy Cook",10,27.7,"OF","PIT","MLB"
433,"Will Watson",10,23.9,"SP","NYM","AA"
434,"Aidan West",10,19.4,"SS","LAD","LOW_A"
435,"Josh White",10,25.8,"SP, RP","MIA","MLB"
436,"Fabricio Blanco",10,17.9,"SS","TB","ROOKIE_BALL"
437,"Diego Tornes",10,18.2,"OF","ATL","ROOKIE_BALL"
438,"Bryan Rincon",10,22.6,"SS","PHI","AA"
439,"Riley Cornelio",10,26.3,"SP, RP","WSH","MLB"
440,"Drew Sommers",10,26.1,"RP","DET","MLB"
441,"Maykel Coret",10,19,"OF","TB","ROOKIE_BALL"
442,"Gage Workman",10,26.9,"3B","SD","MLB"
443,"Landyn Vidourek",10,22.9,"OF","COL","LOW_A"
444,"Jose Urbina",10,20.9,"SP","TB","HIGH_A"
445,"Ryan Ward",10,28.6,"1B, OF","LAD","MLB"
446,"Aaron Watson",10,19.7,"SP","CIN","LOW_A"
447,"Ryan Weiss",10,29.8,"SP, RP","HOU","MLB"
448,"Malachi Witherspoon",10,22.1,"SP","DET","LOW_A"
449,"Quentin Young",10,19.6,"SS","MIN","LOW_A"
450,"Juan Cabada",10,18.4,"2B","CHC","LOW_A"
451,"Kyler Fedko",10,27,"1B, OF","PIT","MLB"
452,"JB Middleton",10,22.8,"SP","COL","LOW_A"
453,"Alex McFarlane",10,25.3,"SP, RP","PHI","MLB"
454,"Carter Holton",10,24.1,"SP","KC","LOW_A"
455,"Keiner Delgado",10,22.7,"2B, 3B","PIT","AAA"
456,"Homer Bush Jr.",10,24.9,"OF","TB","AAA"
457,"William Bergolla",10,21.9,"SS","CWS","AAA"
458,"Jackson Baumeister",10,24.2,"SP","TB","AA"
459,"Max Acosta",10,23.9,"3B","MIA","AAA"
460,"Moises Chace",10,23.3,"SP","PHI","AA"
461,"Juan Rijo",10,18.1,"OF","SEA","ROOKIE_BALL"
462,"Jared Serna",10,24.3,"2B, SS","MIA","MLB"
463,"Niko Kavadas",10,27.9,"1B","LAA","AAA"
464,"Tyson Neighbors",10,23.9,"RP","BAL","AA"
465,"Myles Naylor",10,21.5,"3B","ATH","HIGH_A"
466,"Elian Rosario",10,17.9,"3B","TEX","ROOKIE_BALL"
467,"Santiago Solarte",10,17.8,"SS","MIA","ROOKIE_BALL"
468,"Victor Valdez",10,18,"SS","TB","ROOKIE_BALL"
469,"Ixan Henderson",10,24.7,"SP","STL","AAA"
470,"RJ Schreck",10,26.2,"OF","TOR","AAA"
471,"Parks Harber",10,25,"3B","SF","AAA"
472,"Mavis Graves",10,22.9,"SP","PHI","AA"
473,"Nestor German",10,24.6,"SP","BAL","AAA"
474,"Michael Kennedy",10,21.8,"SP","CLE","AA"
475,"Ryan Lambert",10,24.1,"RP","NYM","AAA"
476,"Dillon Lewis",10,23.3,"OF","MIA","AA"
477,"Ryan Forcucci",10,23.8,"SP","HOU","LOW_A"
478,"Lucas Ramirez",10,20.7,"OF","LAA","LOW_A"
479,"Shinnosuke Ogasawara",10,28.9,"SP, RP","WSH","AAA"
480,"Tsung-Che Cheng",10,25.2,"SS","BOS","MLB"
481,"Cayden Wallace",10,25.1,"3B","WSH","AAA"
482,"Nate Lavender",10,26.7,"RP","NYM","MLB"
483,"Echedry Vargas",10,21.6,"3B","MIA","LOW_A"
484,"Brett Callahan",10,24.9,"OF","DET","MLB"
485,"Braxton Bragg",10,25.9,"SP","BAL","AA"
486,"Argenis Cayama",10,20,"SP","SF","LOW_A"
487,"Dean Curley",10,22.5,"SS","CLE","AA"
488,"Gabriel Davalillo",10,18.9,"C","LAA","LOW_A"
489,"Korbyn Dickerson",10,22.9,"OF","SEA","HIGH_A"
490,"Marco Dinges",10,23.1,"C","MIL","AA"
491,"Ethan Dorchies",10,19.9,"SP, RP","MIL","HIGH_A"
492,"Aron Estrada",10,21.7,"2B, OF","BAL","AAA"
493,"Jaden Fauske",10,19.9,"OF","CWS","LOW_A"
494,"Dauri Fernandez",10,19.6,"SS","CLE","HIGH_A"
495,"Matthew Fisher",10,20.5,"SP","PHI","LOW_A"
496,"Christian Franklin",10,26.8,"OF","BAL","MLB"
497,"Marconi German",10,19.1,"2B, SS","WSH","ROOKIE_BALL"
498,"Henry Godbout",10,22.9,"2B","BOS","AA"
499,"Asbel Gonzalez",10,20.7,"OF","KC","HIGH_A"
500,"Tim Elko",10,27.8,"1B","CWS","AAA"
501,"Trey Gregory-Alford",10,20.4,"SP","LAA","LOW_A"
502,"Tyson Hardin",10,24.9,"SP","MIL","AAA"
503,"Josh Hartle",10,23.5,"SP","WSH","AA"
504,"Andrew Saalfrank",10,29.1,"RP","AZ","ROOKIE_BALL"
505,"Griffin Herring",10,23.4,"SP","COL","AA"
506,"Coy James",10,19.6,"SS","WSH","LOW_A"
507,"Antwone Kelly",10,23.1,"SP, RP","PIT","MLB"
508,"Arnaldo Lantigua",10,20.8,"OF","CIN","LOW_A"
509,"Cam Leiter",10,22.7,"SP","LAD","HIGH_A"
510,"Alex Lodise",10,22.6,"SS","ATL","AA"
511,"Brycen Mautz",10,25.2,"SP, RP","STL","MLB"
512,"Coleman Crow",10,25.7,"SP","MIL","MLB"
513,"Junior Perez",10,25.2,"OF","CWS","MLB"
514,"Jesus Rodriguez",10,24.4,"C","SF","MLB"
515,"Zach Cole Jr.",10,26.2,"OF","HOU","MLB"
516,"Jordan Yost",10,19.8,"SS","DET","LOW_A"
517,"Juaron Watts-Brown",10,24.6,"SP","BAL","AAA"
518,"Blaine Crim",10,29.3,"1B","TEX","AAA"
519,"Henry Baez",10,23.9,"SP","ATH","AA"
520,"McCade Brown",10,26.1,"SP","COL","AA"
521,"T.J. Nichols",10,24.3,"SP","TB","AA"
522,"Joe Rock",10,26.2,"RP","ATH","MLB"
523,"Jadher Areinamo",10,22.8,"2B, SS","TB","AAA"
524,"Nick Becker",10,19.8,"SS","SEA","LOW_A"
525,"Max Belyeu",10,22.8,"OF","COL","HIGH_A"
526,"Raudy Reyes",10,18.1,"SP","ATL","ROOKIE_BALL"
527,"Yandel Ricardo",10,19.9,"SS","KC","LOW_A"
528,"Roc Riggio",10,24.3,"2B","COL","AAA"
529,"Elorky Rodriguez",10,18.8,"OF","TEX","ROOKIE_BALL"
530,"Alfonsin Rosario",10,22.3,"OF","CLE","AAA"
531,"Jose Anderson",10,19.8,"OF","MIL","LOW_A"
532,"Chase Shores",10,22.4,"SP, RP","LAA","HIGH_A"
533,"Luke Sinnard",10,23.9,"SP","ATL","AA"
534,"Michael Lombardi",10,23,"SP, RP","KC","LOW_A"
535,"Luke Stevenson",10,22.2,"C","SEA","HIGH_A"
536,"Victor Figueroa",10,22.7,"1B","BAL","AA"
537,"Joseph Sullivan",10,24.2,"OF","HOU","AA"
538,"J.D. Thompson",10,23,"SP","MIL","AA"
539,"Brendan Tunink",10,20.9,"OF","LAD","LOW_A"
540,"Sean Linan",10,21.9,"SP","NYY","AA"
541,"Felipe De La Cruz",10,25.3,"SP, RP","NYM","AAA"
542,"Cesar Perdomo",10,24.6,"SP","SF","MLB"
543,"Gavin Turley",10,22.9,"OF","ATH","HIGH_A"
544,"Johnny Slawinski",10,19.6,"SP","LAA","ROOKIE_BALL"
545,"David Davalillo",10,25.3,"SP","TEX","AAA"
546,"Miguel Mendez",10,24.2,"RP","SF","AA"
547,"Ryan Mitchell",10,19.7,"SS","STL","LOW_A"
548,"Edgar Montero",10,19.9,"SS","ATH","LOW_A"
549,"Nick Morabito",10,23.4,"OF","NYM","MLB"
550,"Dean Moss",10,20.4,"OF","TB","LOW_A"
551,"Braden Nett",10,24.3,"SP","ATH","AAA"
552,"Cade Obermueller",10,23.2,"SP","PHI","HIGH_A"
553,"Michael Oliveto",10,19.6,"C","DET","LOW_A"
554,"Deniel Ortiz",10,22.1,"1B, 3B","STL","AA"
555,"Austin Overn",10,23.4,"OF","TB","AA"
556,"Josh Owens",10,19.7,"SS, SP","TEX","LOW_A"
557,"Ethan Petry",10,22.3,"OF","WSH","AA"
558,"Marcus Phillips",10,22.2,"SP","BOS","HIGH_A"
559,"Emilien Pitre",10,23.9,"2B, SS","NYM","AAA"
560,"Mason Neville",10,22.7,"OF","CIN","HIGH_A"
561,"Jose Cabrera",10,24.3,"SP","AZ","MLB"
562,"Trent Harris",10,27.7,"RP","SF","MLB"
563,"Cooper Kinney",10,23.7,"2B, 3B","TB","AAA"
564,"Tanner Burns",10,27.8,"RP","CLE","AAA"
565,"Robert Arias",10,20,"OF","CLE","LOW_A"
566,"Victor Acosta",10,22.3,"2B, SS","CIN","HIGH_A"
567,"Aaron Zavala",10,26.3,"OF","TEX","AAA"
568,"Marco Vargas",10,21.4,"2B, SS","NYM","AA"
569,"Brock Selvidge",10,24.1,"SP","NYY","ROOKIE_BALL"
570,"Joswa Lugo",10,19.7,"SS","LAA","LOW_A"
571,"Jorge Quintana",10,19.5,"SS","SD","LOW_A"
572,"Samuel Munoz",10,22,"OF","LAD","HIGH_A"
573,"Victor Bericoto",10,24.8,"1B, OF","SF","MLB"
574,"Raudi Rodriguez",10,23.2,"OF","LAA","AAA"
575,"Payton Eeles",10,26.9,"2B, SS","BAL","AAA"
576,"Dylan Dreiling",10,23.4,"OF","TEX","AA"
577,"Kohl Drake",10,26.2,"SP","AZ","MLB"
578,"Boston Smith",10,23.8,"C","SEA","AA"
579,"Carlson Reed",10,23.8,"SP","PIT","HIGH_A"
580,"Darell Morel",10,19,"SS","PIT","LOW_A"
581,"Yolfran Castillo",10,19.6,"3B, SS","TEX","HIGH_A"
582,"Chase Mobley",10,20.3,"SP","CLE","LOW_A"
583,"Chen-Wei Lin",10,24.8,"SP","STL","AA"
584,"Cade Kuehler",10,24.3,"SP","ATL","HIGH_A"
585,"Luke Holman",10,23.7,"SP","CIN","ROOKIE_BALL"
586,"Trevor Harrison",10,21.1,"SP","TB","HIGH_A"
587,"Luis Guanipa",10,20.8,"OF","ATL","HIGH_A"
588,"Luis Cova",10,19.7,"OF","MIA","LOW_A"
589,"Tyler Callihan",10,26.3,"OF","PIT","MLB"
590,"Wilber Dotel",10,24,"SP, RP","PIT","MLB"
591,"Wilberson De Pena",10,19.9,"OF","NYY","LOW_A"
592,"Justin Lamkin",10,22.3,"SP","KC","AA"
593,"Carter Johnson",10,20.6,"2B, SS","MIA","HIGH_A"
594,"Samy Natera Jr.",10,26.9,"RP","LAA","MLB"
595,"Griff O'Ferrall",10,23.7,"2B, SS","BAL","AA"
596,"Leo Balcazar",10,22.3,"2B, SS","CIN","AAA"
597,"Bryan Acuna",10,21.1,"3B, SS","MIN","LOW_A"
598,"Ramon Ramirez",10,21.3,"C","KC","HIGH_A"
599,"Cesar Prieto",10,27.4,"2B","STL","MLB"
600,"Mikey Romero",10,22.7,"2B, 3B, SS","BOS","AAA"
601,"Yovanny Rodriguez",10,19.9,"C","NYM","LOW_A"
602,"Carlos Colmenarez",10,22.9,"3B, SS","TB","AAA"
603,"Boston Bateman",10,21,"SP","BAL","HIGH_A"
604,"Cole Mathis",10,23.2,"3B","NYM","HIGH_A"
605,"Jim Jarvis",10,25.9,"SS","ATL","MLB"
606,"Caleb Lomavita",10,23.9,"C","WSH","AA"
607,"Dawel Joseph",10,19.4,"3B","SEA","ROOKIE_BALL"
608,"Owen Hall",10,20.9,"SP","DET","LOW_A"
609,"Khristian Curtis",10,24.4,"SP, RP","PIT","MLB"
610,"Kale Fountain",10,21.1,"1B","SD","LOW_A"
611,"Austin Charles",10,22.9,"3B, SS","KC","HIGH_A"
612,"Will Bednar",10,26.3,"RP","SF","AAA"
613,"Drew Beam",10,23.6,"SP","KC","AA"
614,"Landon Sims",10,25.7,"RP","AZ","AAA"
615,"Conrad Cason",10,20.1,"SP","BOS","ROOKIE_BALL"
616,"Ethan Anderson",10,23,"C, 1B","BAL","AAA"
617,"Derniche Valdez",10,20.5,"OF","CHC","LOW_A"
618,"Jhonny Severino",10,21.9,"2B, 3B","PIT","HIGH_A"
619,"Devin Saltiban",10,21.6,"2B, OF","PHI","HIGH_A"
620,"Peyton Pallette",10,25.4,"SP, RP","CWS","MLB"
621,"Franco Aleman",10,26.3,"RP","CLE","MLB"
622,"Kemp Alderman",10,24.1,"OF","MIA","AAA"
623,"Eddys Leonard",10,25.9,"2B, 3B, OF","SF","MLB"
624,"Jose Corniell",10,23.3,"RP","TEX","MLB"
625,"Chris Cortez",10,23.9,"SP","LAA","AA"
626,"Cristofer Torin",10,21.3,"2B, SS","AZ","AA"
627,"Owen Ayers",10,25.3,"C","CHC","AAA"
628,"Hedbert Perez",10,23.5,"OF","TOR","AA"
629,"Jedixson Paez",10,22.7,"SP","BOS","MLB"
630,"Stiven Martinez",10,19.1,"OF","BAL","LOW_A"
631,"Landen Maroudis",10,21.8,"SP","TOR","HIGH_A"
632,"Dyan Jorge",10,23.5,"2B, SS","COL","AA"
633,"Dax Fulton",10,24.9,"SP, RP","MIA","MLB"
634,"Carson DeMartini",10,23.8,"3B, SS","PHI","AA"
635,"Kyle DeBarge",10,23.2,"2B, SS","MIN","AA"
636,"Ricki Moneys",10,17.9,"SS","MIL","ROOKIE_BALL"
637,"Miguel Ullola",10,24.3,"SP, RP","HOU","MLB"
638,"Jack Hurley",10,24.5,"OF","AZ","AAA"
639,"Cameron Cauley",10,23.6,"2B, SS, OF","TEX","MLB"
640,"Won-Bin Cho",10,23.1,"OF","STL","AA"
641,"Thatcher Hurd",10,23.8,"SP, RP","NYY","LOW_A"
642,"Cobb Hightower",10,21.5,"SS","BAL","LOW_A"
643,"Eduardo Rivera",10,23.3,"SP","BOS","MLB"
644,"Humberto Cruz",10,19.8,"SP","SD","ROOKIE_BALL"
645,"Will Dion",10,26.4,"SP, RP","WSH","MLB"
646,"Victor Hurtado",10,19.3,"OF","WSH","ROOKIE_BALL"
647,"Ronan Kopp",10,24.2,"SP, RP","LAD","AAA"
648,"JT Quinn",10,22.4,"SP, RP","BAL","AA"
649,"Justin Campbell",10,25.6,"SP","CLE","AAA"
650,"Cole Phillips",10,23.3,"SP","MIL","AAA"
651,"Austin Hendrick",10,25.3,"OF","CIN","AAA"
652,"Garrett Baumann",10,22.1,"SP","ATL","AAA"
653,"Calvin Ziegler",10,23.9,"SP","NYM","AA"
654,"Enmanuel Tejeda",10,21.8,"2B","NYY","HIGH_A"
655,"Kala'i Rosario",10,24.2,"OF","MIN","AAA"
656,"Manuel Beltre",10,22.3,"SS","TOR","HIGH_A"
657,"Mitch Jebb",10,24.4,"2B, OF","PIT","AAA"
658,"Felix Reyes",10,25.5,"1B, OF","PHI","MLB"
659,"Michael Morales",10,24.1,"SP","SEA","AA"
660,"Tony Blanco Jr.",10,21.4,"1B","PIT","HIGH_A"
661,"David Sandlin",10,25.6,"SP, RP","CWS","MLB"
662,"Asa Lacy",10,27.3,"SP, RP","KC","AA"
663,"Roberto Campos",10,23.3,"OF","DET","AA"
664,"Adriel Radney",10,19.3,"OF","AZ","LOW_A"
665,"Creed Willems",10,23.3,"C, 1B","BAL","AAA"
666,"Nazzan Zanetello",10,21.3,"2B, SS","BOS","HIGH_A"
667,"Lucas Braun",10,25.1,"SP","KC","AAA"
668,"Aeverson Arteaga",10,23.5,"SS","SF","AAA"
669,"Mason Adams",10,26.6,"SP","COL","MLB"
670,"Bryce Meccage",10,20.5,"SP","MIL","HIGH_A"
671,"Adam Macko",10,25.7,"SP, RP","TEX","MLB"
672,"Ryan Wideman",10,22.9,"OF","SD","HIGH_A"
673,"Matt Allan",10,25.4,"SP","NYM","HIGH_A"
674,"Justice Bigbie",10,27.7,"OF","DET","AAA"
675,"Jose Ramos",10,25.7,"OF","NYM","AAA"
676,"Yovanny Cruz",10,27.1,"RP","WSH","MLB"
677,"Brandon Birdsell",10,26.5,"SP","CHC","ROOKIE_BALL"
678,"Steven Zobac",10,25.9,"SP","KC","AA"
679,"Adam Serwinowski",10,22.3,"SP","LAD","AA"
680,"Adrian Santana",10,21.2,"SS","MIA","AA"
